symbol,date,open,high,low,close,volume,source_name,source_reference,source_report_sha256,verification_status,verification_notes
ALI,2022-12-29,30.1,30.8,29.95,30.8,10155300,Philippine Stock Exchange Daily Quotation Report,https://www.pse.com.ph/wp-content/uploads/sites/15/2022/12/December-29-2022.pdf,1401a65c53c0bfcc21c82e224296c6fe1e799d4b05d5a6443894b4eee0bc7068,VERIFIED,Primary extraction matched independent visual source-row check.
APX,2022-12-29,1.84,1.9,1.83,1.85,5265000,Philippine Stock Exchange Daily Quotation Report,https://www.pse.com.ph/wp-content/uploads/sites/15/2022/12/December-29-2022.pdf,1401a65c53c0bfcc21c82e224296c6fe1e799d4b05d5a6443894b4eee0bc7068,VERIFIED,Primary extraction matched independent visual source-row check.
BPI,2022-12-29,98.8,102,98.6,102,775120,Philippine Stock Exchange Daily Quotation Report,https://www.pse.com.ph/wp-content/uploads/sites/15/2022/12/December-29-2022.pdf,1401a65c53c0bfcc21c82e224296c6fe1e799d4b05d5a6443894b4eee0bc7068,VERIFIED,Primary extraction matched independent visual source-row check.
GLO,2022-12-29,2220,2234,2180,2180,21460,Philippine Stock Exchange Daily Quotation Report,https://www.pse.com.ph/wp-content/uploads/sites/15/2022/12/December-29-2022.pdf,1401a65c53c0bfcc21c82e224296c6fe1e799d4b05d5a6443894b4eee0bc7068,VERIFIED,Primary extraction matched independent visual source-row check.
ICT,2022-12-29,198.2,204.4,196.7,200,1111840,Philippine Stock Exchange Daily Quotation Report,https://www.pse.com.ph/wp-content/uploads/sites/15/2022/12/December-29-2022.pdf,1401a65c53c0bfcc21c82e224296c6fe1e799d4b05d5a6443894b4eee0bc7068,VERIFIED,Primary extraction matched independent visual source-row check.
JFC,2022-12-29,232,232,229.4,230,500210,Philippine Stock Exchange Daily Quotation Report,https://www.pse.com.ph/wp-content/uploads/sites/15/2022/12/December-29-2022.pdf,1401a65c53c0bfcc21c82e224296c6fe1e799d4b05d5a6443894b4eee0bc7068,VERIFIED,Primary extraction matched independent visual source-row check.
MBT,2022-12-29,54.7,54.85,54,54,1146450,Philippine Stock Exchange Daily Quotation Report,https://www.pse.com.ph/wp-content/uploads/sites/15/2022/12/December-29-2022.pdf,1401a65c53c0bfcc21c82e224296c6fe1e799d4b05d5a6443894b4eee0bc7068,VERIFIED,Primary extraction matched independent visual source-row check.
MEG,2022-12-29,2.13,2.15,2,2,20638000,Philippine Stock Exchange Daily Quotation Report,https://www.pse.com.ph/wp-content/uploads/sites/15/2022/12/December-29-2022.pdf,1401a65c53c0bfcc21c82e224296c6fe1e799d4b05d5a6443894b4eee0bc7068,VERIFIED,Primary extraction matched independent visual source-row check.
MER,2022-12-29,294.8,298.8,291.6,298.8,179630,Philippine Stock Exchange Daily Quotation Report,https://www.pse.com.ph/wp-content/uploads/sites/15/2022/12/December-29-2022.pdf,1401a65c53c0bfcc21c82e224296c6fe1e799d4b05d5a6443894b4eee0bc7068,VERIFIED,Primary extraction matched independent visual source-row check.
NIKL,2022-12-29,5.7,5.85,5.7,5.84,10299700,Philippine Stock Exchange Daily Quotation Report,https://www.pse.com.ph/wp-content/uploads/sites/15/2022/12/December-29-2022.pdf,1401a65c53c0bfcc21c82e224296c6fe1e799d4b05d5a6443894b4eee0bc7068,VERIFIED,Primary extraction matched independent visual source-row check.
PGOLD,2022-12-29,34.8,35,34.55,34.9,2484200,Philippine Stock Exchange Daily Quotation Report,https://www.pse.com.ph/wp-content/uploads/sites/15/2022/12/December-29-2022.pdf,1401a65c53c0bfcc21c82e224296c6fe1e799d4b05d5a6443894b4eee0bc7068,VERIFIED,Primary extraction matched independent visual source-row check.
SCC,2022-12-29,34.75,34.95,34,34.5,3928500,Philippine Stock Exchange Daily Quotation Report,https://www.pse.com.ph/wp-content/uploads/sites/15/2022/12/December-29-2022.pdf,1401a65c53c0bfcc21c82e224296c6fe1e799d4b05d5a6443894b4eee0bc7068,VERIFIED,Primary extraction matched independent visual source-row check.
SECB,2022-12-29,88.6,88.6,87,87,225610,Philippine Stock Exchange Daily Quotation Report,https://www.pse.com.ph/wp-content/uploads/sites/15/2022/12/December-29-2022.pdf,1401a65c53c0bfcc21c82e224296c6fe1e799d4b05d5a6443894b4eee0bc7068,VERIFIED,Primary extraction matched independent visual source-row check.
SHLPH,2022-12-29,16.72,16.9,16.72,16.9,31600,Philippine Stock Exchange Daily Quotation Report,https://www.pse.com.ph/wp-content/uploads/sites/15/2022/12/December-29-2022.pdf,1401a65c53c0bfcc21c82e224296c6fe1e799d4b05d5a6443894b4eee0bc7068,VERIFIED,Primary extraction matched independent visual source-row check.
SMPH,2022-12-29,34.9,35.5,34.65,35.5,37985700,Philippine Stock Exchange Daily Quotation Report,https://www.pse.com.ph/wp-content/uploads/sites/15/2022/12/December-29-2022.pdf,1401a65c53c0bfcc21c82e224296c6fe1e799d4b05d5a6443894b4eee0bc7068,VERIFIED,Primary extraction matched independent visual source-row check.
ALI,2024-05-29,27.2,27.3,26.8,26.8,12344700,Philippine Stock Exchange Daily Quotation Report,https://documents.pse.com.ph/wp-content/uploads/sites/15/2024/05/May-29-2024-EOD.pdf,eca5563a524ace0a2d3ee775f726e3db0c93d36c10654390315b88a226226158,VERIFIED,Primary extraction matched independent visual source-row check.
APX,2024-05-29,3.96,4.03,3.88,3.94,2820000,Philippine Stock Exchange Daily Quotation Report,https://documents.pse.com.ph/wp-content/uploads/sites/15/2024/05/May-29-2024-EOD.pdf,eca5563a524ace0a2d3ee775f726e3db0c93d36c10654390315b88a226226158,VERIFIED,Primary extraction matched independent visual source-row check.
BPI,2024-05-29,124.9,125,120,120.8,3496450,Philippine Stock Exchange Daily Quotation Report,https://documents.pse.com.ph/wp-content/uploads/sites/15/2024/05/May-29-2024-EOD.pdf,eca5563a524ace0a2d3ee775f726e3db0c93d36c10654390315b88a226226158,VERIFIED,Primary extraction matched independent visual source-row check.
GLO,2024-05-29,1973,1975,1930,1954,68680,Philippine Stock Exchange Daily Quotation Report,https://documents.pse.com.ph/wp-content/uploads/sites/15/2024/05/May-29-2024-EOD.pdf,eca5563a524ace0a2d3ee775f726e3db0c93d36c10654390315b88a226226158,VERIFIED,Primary extraction matched independent visual source-row check.
ICT,2024-05-29,334,336,327,329.6,1985430,Philippine Stock Exchange Daily Quotation Report,https://documents.pse.com.ph/wp-content/uploads/sites/15/2024/05/May-29-2024-EOD.pdf,eca5563a524ace0a2d3ee775f726e3db0c93d36c10654390315b88a226226158,VERIFIED,Primary extraction matched independent visual source-row check.
JFC,2024-05-29,221,224.4,220.6,221,295140,Philippine Stock Exchange Daily Quotation Report,https://documents.pse.com.ph/wp-content/uploads/sites/15/2024/05/May-29-2024-EOD.pdf,eca5563a524ace0a2d3ee775f726e3db0c93d36c10654390315b88a226226158,VERIFIED,Primary extraction matched independent visual source-row check.
MBT,2024-05-29,68.2,68.95,67,67,2583980,Philippine Stock Exchange Daily Quotation Report,https://documents.pse.com.ph/wp-content/uploads/sites/15/2024/05/May-29-2024-EOD.pdf,eca5563a524ace0a2d3ee775f726e3db0c93d36c10654390315b88a226226158,VERIFIED,Primary extraction matched independent visual source-row check.
MEG,2024-05-29,1.9,1.9,1.84,1.85,15306000,Philippine Stock Exchange Daily Quotation Report,https://documents.pse.com.ph/wp-content/uploads/sites/15/2024/05/May-29-2024-EOD.pdf,eca5563a524ace0a2d3ee775f726e3db0c93d36c10654390315b88a226226158,VERIFIED,Primary extraction matched independent visual source-row check.
MER,2024-05-29,366,370,366,369.2,179900,Philippine Stock Exchange Daily Quotation Report,https://documents.pse.com.ph/wp-content/uploads/sites/15/2024/05/May-29-2024-EOD.pdf,eca5563a524ace0a2d3ee775f726e3db0c93d36c10654390315b88a226226158,VERIFIED,Primary extraction matched independent visual source-row check.
NIKL,2024-05-29,4.12,4.12,4.04,4.1,7537000,Philippine Stock Exchange Daily Quotation Report,https://documents.pse.com.ph/wp-content/uploads/sites/15/2024/05/May-29-2024-EOD.pdf,eca5563a524ace0a2d3ee775f726e3db0c93d36c10654390315b88a226226158,VERIFIED,Primary extraction matched independent visual source-row check.
PGOLD,2024-05-29,24,24,23.45,23.75,369100,Philippine Stock Exchange Daily Quotation Report,https://documents.pse.com.ph/wp-content/uploads/sites/15/2024/05/May-29-2024-EOD.pdf,eca5563a524ace0a2d3ee775f726e3db0c93d36c10654390315b88a226226158,VERIFIED,Primary extraction matched independent visual source-row check.
SCC,2024-05-29,32.9,33.05,32.7,32.9,587300,Philippine Stock Exchange Daily Quotation Report,https://documents.pse.com.ph/wp-content/uploads/sites/15/2024/05/May-29-2024-EOD.pdf,eca5563a524ace0a2d3ee775f726e3db0c93d36c10654390315b88a226226158,VERIFIED,Primary extraction matched independent visual source-row check.
SECB,2024-05-29,69,69.15,68.8,69,334750,Philippine Stock Exchange Daily Quotation Report,https://documents.pse.com.ph/wp-content/uploads/sites/15/2024/05/May-29-2024-EOD.pdf,eca5563a524ace0a2d3ee775f726e3db0c93d36c10654390315b88a226226158,VERIFIED,Primary extraction matched independent visual source-row check.
SHLPH,2024-05-29,10.66,10.66,10.46,10.46,338100,Philippine Stock Exchange Daily Quotation Report,https://documents.pse.com.ph/wp-content/uploads/sites/15/2024/05/May-29-2024-EOD.pdf,eca5563a524ace0a2d3ee775f726e3db0c93d36c10654390315b88a226226158,VERIFIED,Primary extraction matched independent visual source-row check.
SMPH,2024-05-29,27.2,27.4,26.55,26.55,14899600,Philippine Stock Exchange Daily Quotation Report,https://documents.pse.com.ph/wp-content/uploads/sites/15/2024/05/May-29-2024-EOD.pdf,eca5563a524ace0a2d3ee775f726e3db0c93d36c10654390315b88a226226158,VERIFIED,Primary extraction matched independent visual source-row check.
