filename,sha256,formal_run_id,formal_cutoff
pse_corporate_action_screening_30pct.py,3180a82a7ee6b54e5549e86fb8b9f8b25f036322140ea5ac6664f00440e7eec1,FORECASTPH_FORMAL_20260911_01,2026-09-11
ticker_name_consistency_report.csv,4788e80de28fd2579a1566877653ab7674bbc6b1f9684c51c4dbee01ba43fe3e,FORECASTPH_FORMAL_20260911_01,2026-09-11
screening_summary_by_symbol.csv,60c993c9e9e00d6f15055c00107a6d185e5d124be5ca81bc3a20b05616449abe,FORECASTPH_FORMAL_20260911_01,2026-09-11
screening_run.log,0df110d4d1bd0970a03e8d2a4baabd194447e93014b9d347083f72682a7814d2,FORECASTPH_FORMAL_20260911_01,2026-09-11
screening_run_metadata.json,1c61a46ddace1319314eee6a02408d9dd4956032869d3666e2cfd60a50bffded,FORECASTPH_FORMAL_20260911_01,2026-09-11
material_price_discontinuity_flags.csv,93288410424dcccd71d7303181f0ed380d25a6f760d3e0eb1d76d998b1840e45,FORECASTPH_FORMAL_20260911_01,2026-09-11
manual_verification_template.csv,d43515d7936e80705124aa372e3da559b6586d81a9efa1da31e95d1089e18e8d,FORECASTPH_FORMAL_20260911_01,2026-09-11
known_official_events_resolved.csv,6313154d15b414195861a0d264928ad7b74369e85ba0b6711ba3cd8a1f93345f,FORECASTPH_FORMAL_20260911_01,2026-09-11
duplicate_symbol_date_report.csv,b42f71eff584fd9a0f0be0a897e7ce86048238a199915a59e1f76876ac2ea912,FORECASTPH_FORMAL_20260911_01,2026-09-11
