Symbol,Records_Screened,First_Date,Last_Date,Threshold_Pct,Unique_30Pct_Statistical_Flagged_Dates,Known_Official_Event_Flagged_Dates,Total_Unique_Flagged_Dates,Maximum_Absolute_Close_Change_Pct,Maximum_Absolute_Opening_Gap_Pct,Records_Removed_or_Adjusted,Current_Treatment
ALI,1635,2020-01-02,2026-09-11,30,0,1,1,20.3125,16.6666666666667,0,ALL FLAGGED RECORDS RETAINED UNCHANGED
APX,1635,2020-01-02,2026-09-11,30,1,0,1,34.8387096774193,49.6774193548387,0,ALL FLAGGED RECORDS RETAINED UNCHANGED
BPI,1635,2020-01-02,2026-09-11,30,0,1,1,10.9149277688604,9.09090909090909,0,ALL FLAGGED RECORDS RETAINED UNCHANGED
GLO,1635,2020-01-02,2026-09-11,30,0,2,2,14.0350877192982,9.375,0,ALL FLAGGED RECORDS RETAINED UNCHANGED
ICT,1635,2020-01-02,2026-09-11,30,0,0,0,15.8823529411765,10.6470588235294,0,ALL FLAGGED RECORDS RETAINED UNCHANGED
JFC,1635,2020-01-02,2026-09-11,30,0,1,1,24.7107438016529,13.2231404958678,0,ALL FLAGGED RECORDS RETAINED UNCHANGED
MBT,1635,2020-01-02,2026-09-11,30,0,0,0,10.377358490566,9.19540229885057,0,ALL FLAGGED RECORDS RETAINED UNCHANGED
MEG,1635,2020-01-02,2026-09-11,30,0,0,0,17.8438661710037,9.66542750929368,0,ALL FLAGGED RECORDS RETAINED UNCHANGED
MER,1635,2020-01-02,2026-09-11,30,0,0,0,13.5802469135803,9.95884773662551,0,ALL FLAGGED RECORDS RETAINED UNCHANGED
NIKL,1635,2020-01-02,2026-09-11,30,0,0,0,17.8030303030303,12.2222222222222,0,ALL FLAGGED RECORDS RETAINED UNCHANGED
PGOLD,1635,2020-01-02,2026-09-11,30,0,0,0,14.0350877192982,7.94871794871795,0,ALL FLAGGED RECORDS RETAINED UNCHANGED
SCC,1635,2020-01-02,2026-09-11,30,0,0,0,26.6447368421053,14.1025641025641,0,ALL FLAGGED RECORDS RETAINED UNCHANGED
SECB,1635,2020-01-02,2026-09-11,30,0,0,0,13.8655462184874,9.5,0,ALL FLAGGED RECORDS RETAINED UNCHANGED
SHLPH,1635,2020-01-02,2026-09-11,30,0,1,1,25.0666666666667,21.010101010101,0,ALL FLAGGED RECORDS RETAINED UNCHANGED
SMPH,1635,2020-01-02,2026-09-11,30,0,0,0,14.8148148148148,12.280701754386,0,ALL FLAGGED RECORDS RETAINED UNCHANGED
