Symbol,First_Date,Last_Date,Observation_Count,Unique_Company_Name_Count,Observed_Company_Names,Name_Review_Needed,Ticker_Treatment_Performed
ALI,2020-01-02,2026-09-11,1635,0,,NOT ASSESSABLE FROM FROZEN OHLCV,NONE; SYMBOL COVERAGE VERIFIED
APX,2020-01-02,2026-09-11,1635,0,,NOT ASSESSABLE FROM FROZEN OHLCV,NONE; SYMBOL COVERAGE VERIFIED
BPI,2020-01-02,2026-09-11,1635,0,,NOT ASSESSABLE FROM FROZEN OHLCV,NONE; SYMBOL COVERAGE VERIFIED
GLO,2020-01-02,2026-09-11,1635,0,,NOT ASSESSABLE FROM FROZEN OHLCV,NONE; SYMBOL COVERAGE VERIFIED
ICT,2020-01-02,2026-09-11,1635,0,,NOT ASSESSABLE FROM FROZEN OHLCV,NONE; SYMBOL COVERAGE VERIFIED
JFC,2020-01-02,2026-09-11,1635,0,,NOT ASSESSABLE FROM FROZEN OHLCV,NONE; SYMBOL COVERAGE VERIFIED
MBT,2020-01-02,2026-09-11,1635,0,,NOT ASSESSABLE FROM FROZEN OHLCV,NONE; SYMBOL COVERAGE VERIFIED
MEG,2020-01-02,2026-09-11,1635,0,,NOT ASSESSABLE FROM FROZEN OHLCV,NONE; SYMBOL COVERAGE VERIFIED
MER,2020-01-02,2026-09-11,1635,0,,NOT ASSESSABLE FROM FROZEN OHLCV,NONE; SYMBOL COVERAGE VERIFIED
NIKL,2020-01-02,2026-09-11,1635,0,,NOT ASSESSABLE FROM FROZEN OHLCV,NONE; SYMBOL COVERAGE VERIFIED
PGOLD,2020-01-02,2026-09-11,1635,0,,NOT ASSESSABLE FROM FROZEN OHLCV,NONE; SYMBOL COVERAGE VERIFIED
SCC,2020-01-02,2026-09-11,1635,0,,NOT ASSESSABLE FROM FROZEN OHLCV,NONE; SYMBOL COVERAGE VERIFIED
SECB,2020-01-02,2026-09-11,1635,0,,NOT ASSESSABLE FROM FROZEN OHLCV,NONE; SYMBOL COVERAGE VERIFIED
SHLPH,2020-01-02,2026-09-11,1635,0,,NOT ASSESSABLE FROM FROZEN OHLCV,NONE; SYMBOL COVERAGE VERIFIED
SMPH,2020-01-02,2026-09-11,1635,0,,NOT ASSESSABLE FROM FROZEN OHLCV,NONE; SYMBOL COVERAGE VERIFIED
