symbol,company_name,sector,model_1,model_2,loss_type,sample_size,mean_loss_differential,dm_statistic,raw_p_value,holm_adjusted_p_value,reject,available,unavailable_reason,hac_lag,forecast_horizon,hln_correction_factor,holm_family_size,formal_run_id,formal_cutoff,formal_git_sha,supplementary_package_id,evidence_source
ALI,"Ayala Land, Inc.",Property,lag_reg,arima,squared_error,246,-0.0010115510011186857,-1.9620285895156784,0.050891235857424694,0.30534741514454816,false,true,,4,1,0.9979654098963519,6,FORECASTPH_FORMAL_20260911_01,2026-09-11,8359270bffcd43dd41830a01bb2f4e2d4c527b56,FORECASTPH_SUPPLEMENTARY_20260921_03,formal_company_evidence_verified_against_linked_supplementary
ALI,"Ayala Land, Inc.",Property,lag_reg,lstm,squared_error,246,-0.00030169133402781987,-0.23769470194040082,0.8123165492073976,1.0,false,true,,4,1,0.9979654098963519,6,FORECASTPH_FORMAL_20260911_01,2026-09-11,8359270bffcd43dd41830a01bb2f4e2d4c527b56,FORECASTPH_SUPPLEMENTARY_20260921_03,formal_company_evidence_verified_against_linked_supplementary
ALI,"Ayala Land, Inc.",Property,lag_reg,naive,squared_error,246,-0.0010115510011186857,-1.9620285895156784,0.050891235857424694,0.30534741514454816,false,true,,4,1,0.9979654098963519,6,FORECASTPH_FORMAL_20260911_01,2026-09-11,8359270bffcd43dd41830a01bb2f4e2d4c527b56,FORECASTPH_SUPPLEMENTARY_20260921_03,formal_company_evidence_verified_against_linked_supplementary
ALI,"Ayala Land, Inc.",Property,arima,lstm,squared_error,246,0.0007098596670908659,0.5183582354275196,0.6046761643957548,1.0,false,true,,4,1,0.9979654098963519,6,FORECASTPH_FORMAL_20260911_01,2026-09-11,8359270bffcd43dd41830a01bb2f4e2d4c527b56,FORECASTPH_SUPPLEMENTARY_20260921_03,formal_company_evidence_verified_against_linked_supplementary
ALI,"Ayala Land, Inc.",Property,arima,naive,squared_error,246,0.0,,,,false,false,zero or degenerate HAC long-run variance,4,1,0.9979654098963519,6,FORECASTPH_FORMAL_20260911_01,2026-09-11,8359270bffcd43dd41830a01bb2f4e2d4c527b56,FORECASTPH_SUPPLEMENTARY_20260921_03,formal_company_evidence_verified_against_linked_supplementary
ALI,"Ayala Land, Inc.",Property,lstm,naive,squared_error,246,-0.0007098596670908659,-0.5183582354275196,0.6046761643957548,1.0,false,true,,4,1,0.9979654098963519,6,FORECASTPH_FORMAL_20260911_01,2026-09-11,8359270bffcd43dd41830a01bb2f4e2d4c527b56,FORECASTPH_SUPPLEMENTARY_20260921_03,formal_company_evidence_verified_against_linked_supplementary
ALI,"Ayala Land, Inc.",Property,lag_reg,arima,absolute_error,246,-0.0014706147061468056,-2.6367037348406677,0.008906646739551313,0.05343988043730788,false,true,,4,1,0.9979654098963519,6,FORECASTPH_FORMAL_20260911_01,2026-09-11,8359270bffcd43dd41830a01bb2f4e2d4c527b56,FORECASTPH_SUPPLEMENTARY_20260921_03,formal_company_evidence_verified_against_linked_supplementary
ALI,"Ayala Land, Inc.",Property,lag_reg,lstm,absolute_error,246,-0.0005101489151431702,-0.3360487478781423,0.7371217257209907,1.0,false,true,,4,1,0.9979654098963519,6,FORECASTPH_FORMAL_20260911_01,2026-09-11,8359270bffcd43dd41830a01bb2f4e2d4c527b56,FORECASTPH_SUPPLEMENTARY_20260921_03,formal_company_evidence_verified_against_linked_supplementary
ALI,"Ayala Land, Inc.",Property,lag_reg,naive,absolute_error,246,-0.0014706147061468056,-2.6367037348406677,0.008906646739551313,0.05343988043730788,false,true,,4,1,0.9979654098963519,6,FORECASTPH_FORMAL_20260911_01,2026-09-11,8359270bffcd43dd41830a01bb2f4e2d4c527b56,FORECASTPH_SUPPLEMENTARY_20260921_03,formal_company_evidence_verified_against_linked_supplementary
ALI,"Ayala Land, Inc.",Property,arima,lstm,absolute_error,246,0.0009604657910036355,0.5840198001356194,0.5597443109705657,1.0,false,true,,4,1,0.9979654098963519,6,FORECASTPH_FORMAL_20260911_01,2026-09-11,8359270bffcd43dd41830a01bb2f4e2d4c527b56,FORECASTPH_SUPPLEMENTARY_20260921_03,formal_company_evidence_verified_against_linked_supplementary
ALI,"Ayala Land, Inc.",Property,arima,naive,absolute_error,246,0.0,,,,false,false,zero or degenerate HAC long-run variance,4,1,0.9979654098963519,6,FORECASTPH_FORMAL_20260911_01,2026-09-11,8359270bffcd43dd41830a01bb2f4e2d4c527b56,FORECASTPH_SUPPLEMENTARY_20260921_03,formal_company_evidence_verified_against_linked_supplementary
ALI,"Ayala Land, Inc.",Property,lstm,naive,absolute_error,246,-0.0009604657910036355,-0.5840198001356194,0.5597443109705657,1.0,false,true,,4,1,0.9979654098963519,6,FORECASTPH_FORMAL_20260911_01,2026-09-11,8359270bffcd43dd41830a01bb2f4e2d4c527b56,FORECASTPH_SUPPLEMENTARY_20260921_03,formal_company_evidence_verified_against_linked_supplementary
APX,"Apex Mining Co., Inc.",Mining and Oil,lag_reg,arima,squared_error,246,-0.008138220993682747,-1.2567888065139867,0.2100270063637448,1.0,false,true,,4,1,0.9979654098963519,6,FORECASTPH_FORMAL_20260911_01,2026-09-11,8359270bffcd43dd41830a01bb2f4e2d4c527b56,FORECASTPH_SUPPLEMENTARY_20260921_03,formal_company_evidence_verified_against_linked_supplementary
APX,"Apex Mining Co., Inc.",Mining and Oil,lag_reg,lstm,squared_error,246,0.00053329850817115,0.5345729111621375,0.5934300005358336,1.0,false,true,,4,1,0.9979654098963519,6,FORECASTPH_FORMAL_20260911_01,2026-09-11,8359270bffcd43dd41830a01bb2f4e2d4c527b56,FORECASTPH_SUPPLEMENTARY_20260921_03,formal_company_evidence_verified_against_linked_supplementary
APX,"Apex Mining Co., Inc.",Mining and Oil,lag_reg,naive,squared_error,246,-0.00040273082125649685,-1.1499329209715907,0.2512927306776974,1.0,false,true,,4,1,0.9979654098963519,6,FORECASTPH_FORMAL_20260911_01,2026-09-11,8359270bffcd43dd41830a01bb2f4e2d4c527b56,FORECASTPH_SUPPLEMENTARY_20260921_03,formal_company_evidence_verified_against_linked_supplementary
APX,"Apex Mining Co., Inc.",Mining and Oil,arima,lstm,squared_error,246,0.0086715195018539,1.433848475930247,0.1528905213699097,0.9173431282194582,false,true,,4,1,0.9979654098963519,6,FORECASTPH_FORMAL_20260911_01,2026-09-11,8359270bffcd43dd41830a01bb2f4e2d4c527b56,FORECASTPH_SUPPLEMENTARY_20260921_03,formal_company_evidence_verified_against_linked_supplementary
APX,"Apex Mining Co., Inc.",Mining and Oil,arima,naive,squared_error,246,0.007735490172426251,1.1950378160960442,0.2332277722982401,1.0,false,true,,4,1,0.9979654098963519,6,FORECASTPH_FORMAL_20260911_01,2026-09-11,8359270bffcd43dd41830a01bb2f4e2d4c527b56,FORECASTPH_SUPPLEMENTARY_20260921_03,formal_company_evidence_verified_against_linked_supplementary
APX,"Apex Mining Co., Inc.",Mining and Oil,lstm,naive,squared_error,246,-0.0009360293294276468,-0.8318332321366617,0.4063131055055283,1.0,false,true,,4,1,0.9979654098963519,6,FORECASTPH_FORMAL_20260911_01,2026-09-11,8359270bffcd43dd41830a01bb2f4e2d4c527b56,FORECASTPH_SUPPLEMENTARY_20260921_03,formal_company_evidence_verified_against_linked_supplementary
APX,"Apex Mining Co., Inc.",Mining and Oil,lag_reg,arima,absolute_error,246,-0.010779608659483514,-1.9242782883473177,0.05547799864419015,0.33286799186514093,false,true,,4,1,0.9979654098963519,6,FORECASTPH_FORMAL_20260911_01,2026-09-11,8359270bffcd43dd41830a01bb2f4e2d4c527b56,FORECASTPH_SUPPLEMENTARY_20260921_03,formal_company_evidence_verified_against_linked_supplementary
APX,"Apex Mining Co., Inc.",Mining and Oil,lag_reg,lstm,absolute_error,246,-0.0009026353127403687,-0.9146821340781918,0.3612578546651263,1.0,false,true,,4,1,0.9979654098963519,6,FORECASTPH_FORMAL_20260911_01,2026-09-11,8359270bffcd43dd41830a01bb2f4e2d4c527b56,FORECASTPH_SUPPLEMENTARY_20260921_03,formal_company_evidence_verified_against_linked_supplementary
APX,"Apex Mining Co., Inc.",Mining and Oil,lag_reg,naive,absolute_error,246,-0.00013014130141299443,-0.40032464234787923,0.6892662614281699,1.0,false,true,,4,1,0.9979654098963519,6,FORECASTPH_FORMAL_20260911_01,2026-09-11,8359270bffcd43dd41830a01bb2f4e2d4c527b56,FORECASTPH_SUPPLEMENTARY_20260921_03,formal_company_evidence_verified_against_linked_supplementary
APX,"Apex Mining Co., Inc.",Mining and Oil,arima,lstm,absolute_error,246,0.009876973346743145,1.891726222168652,0.059706822260064935,0.33286799186514093,false,true,,4,1,0.9979654098963519,6,FORECASTPH_FORMAL_20260911_01,2026-09-11,8359270bffcd43dd41830a01bb2f4e2d4c527b56,FORECASTPH_SUPPLEMENTARY_20260921_03,formal_company_evidence_verified_against_linked_supplementary
APX,"Apex Mining Co., Inc.",Mining and Oil,arima,naive,absolute_error,246,0.010649467358070519,1.8877715692043446,0.060238435067835244,0.33286799186514093,false,true,,4,1,0.9979654098963519,6,FORECASTPH_FORMAL_20260911_01,2026-09-11,8359270bffcd43dd41830a01bb2f4e2d4c527b56,FORECASTPH_SUPPLEMENTARY_20260921_03,formal_company_evidence_verified_against_linked_supplementary
APX,"Apex Mining Co., Inc.",Mining and Oil,lstm,naive,absolute_error,246,0.0007724940113273742,0.6858231376056572,0.4934730993448585,1.0,false,true,,4,1,0.9979654098963519,6,FORECASTPH_FORMAL_20260911_01,2026-09-11,8359270bffcd43dd41830a01bb2f4e2d4c527b56,FORECASTPH_SUPPLEMENTARY_20260921_03,formal_company_evidence_verified_against_linked_supplementary
BPI,Bank of the Philippine Islands,Financials,lag_reg,arima,squared_error,246,0.05538237070602711,0.6851613475778539,0.493889835673353,1.0,false,true,,4,1,0.9979654098963519,6,FORECASTPH_FORMAL_20260911_01,2026-09-11,8359270bffcd43dd41830a01bb2f4e2d4c527b56,FORECASTPH_SUPPLEMENTARY_20260921_03,formal_company_evidence_verified_against_linked_supplementary
BPI,Bank of the Philippine Islands,Financials,lag_reg,lstm,squared_error,246,-0.0009264115932101189,-0.014627520649514602,0.9883412477198005,1.0,false,true,,4,1,0.9979654098963519,6,FORECASTPH_FORMAL_20260911_01,2026-09-11,8359270bffcd43dd41830a01bb2f4e2d4c527b56,FORECASTPH_SUPPLEMENTARY_20260921_03,formal_company_evidence_verified_against_linked_supplementary
BPI,Bank of the Philippine Islands,Financials,lag_reg,naive,squared_error,246,-0.20655285055978176,-2.2943433536024322,0.02261733396542354,0.13570400379254124,false,true,,4,1,0.9979654098963519,6,FORECASTPH_FORMAL_20260911_01,2026-09-11,8359270bffcd43dd41830a01bb2f4e2d4c527b56,FORECASTPH_SUPPLEMENTARY_20260921_03,formal_company_evidence_verified_against_linked_supplementary
BPI,Bank of the Philippine Islands,Financials,arima,lstm,squared_error,246,-0.05630878229923723,-0.8253319011584531,0.4099860769740867,1.0,false,true,,4,1,0.9979654098963519,6,FORECASTPH_FORMAL_20260911_01,2026-09-11,8359270bffcd43dd41830a01bb2f4e2d4c527b56,FORECASTPH_SUPPLEMENTARY_20260921_03,formal_company_evidence_verified_against_linked_supplementary
BPI,Bank of the Philippine Islands,Financials,arima,naive,squared_error,246,-0.26193522126580887,-1.6656029098580418,0.09707062541952247,0.48535312709761236,false,true,,4,1,0.9979654098963519,6,FORECASTPH_FORMAL_20260911_01,2026-09-11,8359270bffcd43dd41830a01bb2f4e2d4c527b56,FORECASTPH_SUPPLEMENTARY_20260921_03,formal_company_evidence_verified_against_linked_supplementary
BPI,Bank of the Philippine Islands,Financials,lstm,naive,squared_error,246,-0.20562643896657162,-1.6436948797554913,0.10152185532710356,0.48535312709761236,false,true,,4,1,0.9979654098963519,6,FORECASTPH_FORMAL_20260911_01,2026-09-11,8359270bffcd43dd41830a01bb2f4e2d4c527b56,FORECASTPH_SUPPLEMENTARY_20260921_03,formal_company_evidence_verified_against_linked_supplementary
BPI,Bank of the Philippine Islands,Financials,lag_reg,arima,absolute_error,246,0.008164491549065794,0.6246743439536454,0.5327661209094671,1.0,false,true,,4,1,0.9979654098963519,6,FORECASTPH_FORMAL_20260911_01,2026-09-11,8359270bffcd43dd41830a01bb2f4e2d4c527b56,FORECASTPH_SUPPLEMENTARY_20260921_03,formal_company_evidence_verified_against_linked_supplementary
BPI,Bank of the Philippine Islands,Financials,lag_reg,lstm,absolute_error,246,-0.002766724292922918,-0.23111567832177335,0.8174178264202747,1.0,false,true,,4,1,0.9979654098963519,6,FORECASTPH_FORMAL_20260911_01,2026-09-11,8359270bffcd43dd41830a01bb2f4e2d4c527b56,FORECASTPH_SUPPLEMENTARY_20260921_03,formal_company_evidence_verified_against_linked_supplementary
BPI,Bank of the Philippine Islands,Financials,lag_reg,naive,absolute_error,246,-0.014140443813666486,-0.8879570084075058,0.3754347750022873,1.0,false,true,,4,1,0.9979654098963519,6,FORECASTPH_FORMAL_20260911_01,2026-09-11,8359270bffcd43dd41830a01bb2f4e2d4c527b56,FORECASTPH_SUPPLEMENTARY_20260921_03,formal_company_evidence_verified_against_linked_supplementary
BPI,Bank of the Philippine Islands,Financials,arima,lstm,absolute_error,246,-0.010931215841988712,-1.1700601113155076,0.24311371218799008,1.0,false,true,,4,1,0.9979654098963519,6,FORECASTPH_FORMAL_20260911_01,2026-09-11,8359270bffcd43dd41830a01bb2f4e2d4c527b56,FORECASTPH_SUPPLEMENTARY_20260921_03,formal_company_evidence_verified_against_linked_supplementary
BPI,Bank of the Philippine Islands,Financials,arima,naive,absolute_error,246,-0.02230493536273228,-0.9250403619124548,0.35585514057500617,1.0,false,true,,4,1,0.9979654098963519,6,FORECASTPH_FORMAL_20260911_01,2026-09-11,8359270bffcd43dd41830a01bb2f4e2d4c527b56,FORECASTPH_SUPPLEMENTARY_20260921_03,formal_company_evidence_verified_against_linked_supplementary
BPI,Bank of the Philippine Islands,Financials,lstm,naive,absolute_error,246,-0.011373719520743567,-0.5105747355111309,0.6101085923528454,1.0,false,true,,4,1,0.9979654098963519,6,FORECASTPH_FORMAL_20260911_01,2026-09-11,8359270bffcd43dd41830a01bb2f4e2d4c527b56,FORECASTPH_SUPPLEMENTARY_20260921_03,formal_company_evidence_verified_against_linked_supplementary
GLO,"Globe Telecom, Inc.",Services,lag_reg,arima,squared_error,246,0.26836443124589554,0.2881106843807358,0.7735055949526116,1.0,false,true,,4,1,0.9979654098963519,6,FORECASTPH_FORMAL_20260911_01,2026-09-11,8359270bffcd43dd41830a01bb2f4e2d4c527b56,FORECASTPH_SUPPLEMENTARY_20260921_03,formal_company_evidence_verified_against_linked_supplementary
GLO,"Globe Telecom, Inc.",Services,lag_reg,lstm,squared_error,246,0.6221870783252827,0.21802519154766,0.8275909667831639,1.0,false,true,,4,1,0.9979654098963519,6,FORECASTPH_FORMAL_20260911_01,2026-09-11,8359270bffcd43dd41830a01bb2f4e2d4c527b56,FORECASTPH_SUPPLEMENTARY_20260921_03,formal_company_evidence_verified_against_linked_supplementary
GLO,"Globe Telecom, Inc.",Services,lag_reg,naive,squared_error,246,0.26836443124589554,0.2881106843807358,0.7735055949526116,1.0,false,true,,4,1,0.9979654098963519,6,FORECASTPH_FORMAL_20260911_01,2026-09-11,8359270bffcd43dd41830a01bb2f4e2d4c527b56,FORECASTPH_SUPPLEMENTARY_20260921_03,formal_company_evidence_verified_against_linked_supplementary
GLO,"Globe Telecom, Inc.",Services,arima,lstm,squared_error,246,0.3538226470793871,0.10256761001756036,0.9183900503861495,1.0,false,true,,4,1,0.9979654098963519,6,FORECASTPH_FORMAL_20260911_01,2026-09-11,8359270bffcd43dd41830a01bb2f4e2d4c527b56,FORECASTPH_SUPPLEMENTARY_20260921_03,formal_company_evidence_verified_against_linked_supplementary
GLO,"Globe Telecom, Inc.",Services,arima,naive,squared_error,246,0.0,,,,false,false,zero or degenerate HAC long-run variance,4,1,0.9979654098963519,6,FORECASTPH_FORMAL_20260911_01,2026-09-11,8359270bffcd43dd41830a01bb2f4e2d4c527b56,FORECASTPH_SUPPLEMENTARY_20260921_03,formal_company_evidence_verified_against_linked_supplementary
GLO,"Globe Telecom, Inc.",Services,lstm,naive,squared_error,246,-0.3538226470793871,-0.10256761001756036,0.9183900503861495,1.0,false,true,,4,1,0.9979654098963519,6,FORECASTPH_FORMAL_20260911_01,2026-09-11,8359270bffcd43dd41830a01bb2f4e2d4c527b56,FORECASTPH_SUPPLEMENTARY_20260921_03,formal_company_evidence_verified_against_linked_supplementary
GLO,"Globe Telecom, Inc.",Services,lag_reg,arima,absolute_error,246,0.0,0.0,1.0,1.0,false,true,,4,1,0.9979654098963519,6,FORECASTPH_FORMAL_20260911_01,2026-09-11,8359270bffcd43dd41830a01bb2f4e2d4c527b56,FORECASTPH_SUPPLEMENTARY_20260921_03,formal_company_evidence_verified_against_linked_supplementary
GLO,"Globe Telecom, Inc.",Services,lag_reg,lstm,absolute_error,246,0.10521162174023718,2.0003353271685222,0.04656777246392827,0.27940663478356964,false,true,,4,1,0.9979654098963519,6,FORECASTPH_FORMAL_20260911_01,2026-09-11,8359270bffcd43dd41830a01bb2f4e2d4c527b56,FORECASTPH_SUPPLEMENTARY_20260921_03,formal_company_evidence_verified_against_linked_supplementary
GLO,"Globe Telecom, Inc.",Services,lag_reg,naive,absolute_error,246,0.0,0.0,1.0,1.0,false,true,,4,1,0.9979654098963519,6,FORECASTPH_FORMAL_20260911_01,2026-09-11,8359270bffcd43dd41830a01bb2f4e2d4c527b56,FORECASTPH_SUPPLEMENTARY_20260921_03,formal_company_evidence_verified_against_linked_supplementary
GLO,"Globe Telecom, Inc.",Services,arima,lstm,absolute_error,246,0.10521162174023718,1.7558723140282708,0.08035978242098521,0.401798912104926,false,true,,4,1,0.9979654098963519,6,FORECASTPH_FORMAL_20260911_01,2026-09-11,8359270bffcd43dd41830a01bb2f4e2d4c527b56,FORECASTPH_SUPPLEMENTARY_20260921_03,formal_company_evidence_verified_against_linked_supplementary
GLO,"Globe Telecom, Inc.",Services,arima,naive,absolute_error,246,0.0,,,,false,false,zero or degenerate HAC long-run variance,4,1,0.9979654098963519,6,FORECASTPH_FORMAL_20260911_01,2026-09-11,8359270bffcd43dd41830a01bb2f4e2d4c527b56,FORECASTPH_SUPPLEMENTARY_20260921_03,formal_company_evidence_verified_against_linked_supplementary
GLO,"Globe Telecom, Inc.",Services,lstm,naive,absolute_error,246,-0.10521162174023718,-1.7558723140282708,0.08035978242098521,0.401798912104926,false,true,,4,1,0.9979654098963519,6,FORECASTPH_FORMAL_20260911_01,2026-09-11,8359270bffcd43dd41830a01bb2f4e2d4c527b56,FORECASTPH_SUPPLEMENTARY_20260921_03,formal_company_evidence_verified_against_linked_supplementary
ICT,"International Container Terminal Services, Inc.",Services,lag_reg,arima,squared_error,246,42.83845462427236,1.1244324020815737,0.26193007946408986,0.972510815520508,false,true,,4,1,0.9979654098963519,6,FORECASTPH_FORMAL_20260911_01,2026-09-11,8359270bffcd43dd41830a01bb2f4e2d4c527b56,FORECASTPH_SUPPLEMENTARY_20260921_03,formal_company_evidence_verified_against_linked_supplementary
ICT,"International Container Terminal Services, Inc.",Services,lag_reg,lstm,squared_error,246,43.831821671916664,1.170025275144958,0.243127703880127,0.972510815520508,false,true,,4,1,0.9979654098963519,6,FORECASTPH_FORMAL_20260911_01,2026-09-11,8359270bffcd43dd41830a01bb2f4e2d4c527b56,FORECASTPH_SUPPLEMENTARY_20260921_03,formal_company_evidence_verified_against_linked_supplementary
ICT,"International Container Terminal Services, Inc.",Services,lag_reg,naive,squared_error,246,29.826985832403327,0.8000285694150108,0.42446927307593957,0.972510815520508,false,true,,4,1,0.9979654098963519,6,FORECASTPH_FORMAL_20260911_01,2026-09-11,8359270bffcd43dd41830a01bb2f4e2d4c527b56,FORECASTPH_SUPPLEMENTARY_20260921_03,formal_company_evidence_verified_against_linked_supplementary
ICT,"International Container Terminal Services, Inc.",Services,arima,lstm,squared_error,246,0.9933670476443212,0.2711748158617925,0.786484918619954,0.972510815520508,false,true,,4,1,0.9979654098963519,6,FORECASTPH_FORMAL_20260911_01,2026-09-11,8359270bffcd43dd41830a01bb2f4e2d4c527b56,FORECASTPH_SUPPLEMENTARY_20260921_03,formal_company_evidence_verified_against_linked_supplementary
ICT,"International Container Terminal Services, Inc.",Services,arima,naive,squared_error,246,-13.011468791869039,-1.32459046814719,0.18654123619444327,0.9327061809722164,false,true,,4,1,0.9979654098963519,6,FORECASTPH_FORMAL_20260911_01,2026-09-11,8359270bffcd43dd41830a01bb2f4e2d4c527b56,FORECASTPH_SUPPLEMENTARY_20260921_03,formal_company_evidence_verified_against_linked_supplementary
ICT,"International Container Terminal Services, Inc.",Services,lstm,naive,squared_error,246,-14.004835839513358,-1.9193797448647734,0.05609784449038733,0.336587066942324,false,true,,4,1,0.9979654098963519,6,FORECASTPH_FORMAL_20260911_01,2026-09-11,8359270bffcd43dd41830a01bb2f4e2d4c527b56,FORECASTPH_SUPPLEMENTARY_20260921_03,formal_company_evidence_verified_against_linked_supplementary
ICT,"International Container Terminal Services, Inc.",Services,lag_reg,arima,absolute_error,246,0.3128717023438518,0.7826283191910289,0.4346011942103593,1.0,false,true,,4,1,0.9979654098963519,6,FORECASTPH_FORMAL_20260911_01,2026-09-11,8359270bffcd43dd41830a01bb2f4e2d4c527b56,FORECASTPH_SUPPLEMENTARY_20260921_03,formal_company_evidence_verified_against_linked_supplementary
ICT,"International Container Terminal Services, Inc.",Services,lag_reg,lstm,absolute_error,246,0.35648130500134967,0.9755063697971371,0.3302713349140124,1.0,false,true,,4,1,0.9979654098963519,6,FORECASTPH_FORMAL_20260911_01,2026-09-11,8359270bffcd43dd41830a01bb2f4e2d4c527b56,FORECASTPH_SUPPLEMENTARY_20260921_03,formal_company_evidence_verified_against_linked_supplementary
ICT,"International Container Terminal Services, Inc.",Services,lag_reg,naive,absolute_error,246,0.20689273131201535,0.5689443057419036,0.5699151176244123,1.0,false,true,,4,1,0.9979654098963519,6,FORECASTPH_FORMAL_20260911_01,2026-09-11,8359270bffcd43dd41830a01bb2f4e2d4c527b56,FORECASTPH_SUPPLEMENTARY_20260921_03,formal_company_evidence_verified_against_linked_supplementary
ICT,"International Container Terminal Services, Inc.",Services,arima,lstm,absolute_error,246,0.043609602657497824,0.44166703676287605,0.6591197327094754,1.0,false,true,,4,1,0.9979654098963519,6,FORECASTPH_FORMAL_20260911_01,2026-09-11,8359270bffcd43dd41830a01bb2f4e2d4c527b56,FORECASTPH_SUPPLEMENTARY_20260921_03,formal_company_evidence_verified_against_linked_supplementary
ICT,"International Container Terminal Services, Inc.",Services,arima,naive,absolute_error,246,-0.1059789710318365,-0.47949011418548604,0.6320177321385435,1.0,false,true,,4,1,0.9979654098963519,6,FORECASTPH_FORMAL_20260911_01,2026-09-11,8359270bffcd43dd41830a01bb2f4e2d4c527b56,FORECASTPH_SUPPLEMENTARY_20260921_03,formal_company_evidence_verified_against_linked_supplementary
ICT,"International Container Terminal Services, Inc.",Services,lstm,naive,absolute_error,246,-0.14958857368933431,-0.9539644440697223,0.34104189805188617,1.0,false,true,,4,1,0.9979654098963519,6,FORECASTPH_FORMAL_20260911_01,2026-09-11,8359270bffcd43dd41830a01bb2f4e2d4c527b56,FORECASTPH_SUPPLEMENTARY_20260921_03,formal_company_evidence_verified_against_linked_supplementary
JFC,Jollibee Foods Corporation,Industrial,lag_reg,arima,squared_error,246,0.02151827200928086,1.3243577907215252,0.18661835007926333,1.0,false,true,,4,1,0.9979654098963519,6,FORECASTPH_FORMAL_20260911_01,2026-09-11,8359270bffcd43dd41830a01bb2f4e2d4c527b56,FORECASTPH_SUPPLEMENTARY_20260921_03,formal_company_evidence_verified_against_linked_supplementary
JFC,Jollibee Foods Corporation,Industrial,lag_reg,lstm,squared_error,246,-0.09284637713550009,-0.8507629304527345,0.3957317599695829,1.0,false,true,,4,1,0.9979654098963519,6,FORECASTPH_FORMAL_20260911_01,2026-09-11,8359270bffcd43dd41830a01bb2f4e2d4c527b56,FORECASTPH_SUPPLEMENTARY_20260921_03,formal_company_evidence_verified_against_linked_supplementary
JFC,Jollibee Foods Corporation,Industrial,lag_reg,naive,squared_error,246,0.02151827200928086,1.3243577907215252,0.18661835007926333,1.0,false,true,,4,1,0.9979654098963519,6,FORECASTPH_FORMAL_20260911_01,2026-09-11,8359270bffcd43dd41830a01bb2f4e2d4c527b56,FORECASTPH_SUPPLEMENTARY_20260921_03,formal_company_evidence_verified_against_linked_supplementary
JFC,Jollibee Foods Corporation,Industrial,arima,lstm,squared_error,246,-0.11436464914478092,-0.9621675677837945,0.3369140936219688,1.0,false,true,,4,1,0.9979654098963519,6,FORECASTPH_FORMAL_20260911_01,2026-09-11,8359270bffcd43dd41830a01bb2f4e2d4c527b56,FORECASTPH_SUPPLEMENTARY_20260921_03,formal_company_evidence_verified_against_linked_supplementary
JFC,Jollibee Foods Corporation,Industrial,arima,naive,squared_error,246,0.0,,,,false,false,zero or degenerate HAC long-run variance,4,1,0.9979654098963519,6,FORECASTPH_FORMAL_20260911_01,2026-09-11,8359270bffcd43dd41830a01bb2f4e2d4c527b56,FORECASTPH_SUPPLEMENTARY_20260921_03,formal_company_evidence_verified_against_linked_supplementary
JFC,Jollibee Foods Corporation,Industrial,lstm,naive,squared_error,246,0.11436464914478092,0.9621675677837945,0.3369140936219688,1.0,false,true,,4,1,0.9979654098963519,6,FORECASTPH_FORMAL_20260911_01,2026-09-11,8359270bffcd43dd41830a01bb2f4e2d4c527b56,FORECASTPH_SUPPLEMENTARY_20260921_03,formal_company_evidence_verified_against_linked_supplementary
JFC,Jollibee Foods Corporation,Industrial,lag_reg,arima,absolute_error,246,0.002322023220231429,1.2911698126275837,0.19786171779747927,1.0,false,true,,4,1,0.9979654098963519,6,FORECASTPH_FORMAL_20260911_01,2026-09-11,8359270bffcd43dd41830a01bb2f4e2d4c527b56,FORECASTPH_SUPPLEMENTARY_20260921_03,formal_company_evidence_verified_against_linked_supplementary
JFC,Jollibee Foods Corporation,Industrial,lag_reg,lstm,absolute_error,246,0.012311748030416247,0.980000641242024,0.3280525188007529,1.0,false,true,,4,1,0.9979654098963519,6,FORECASTPH_FORMAL_20260911_01,2026-09-11,8359270bffcd43dd41830a01bb2f4e2d4c527b56,FORECASTPH_SUPPLEMENTARY_20260921_03,formal_company_evidence_verified_against_linked_supplementary
JFC,Jollibee Foods Corporation,Industrial,lag_reg,naive,absolute_error,246,0.002322023220231429,1.2911698126275837,0.19786171779747927,1.0,false,true,,4,1,0.9979654098963519,6,FORECASTPH_FORMAL_20260911_01,2026-09-11,8359270bffcd43dd41830a01bb2f4e2d4c527b56,FORECASTPH_SUPPLEMENTARY_20260921_03,formal_company_evidence_verified_against_linked_supplementary
JFC,Jollibee Foods Corporation,Industrial,arima,lstm,absolute_error,246,0.009989724810184819,0.7487411148279551,0.4547314664222725,1.0,false,true,,4,1,0.9979654098963519,6,FORECASTPH_FORMAL_20260911_01,2026-09-11,8359270bffcd43dd41830a01bb2f4e2d4c527b56,FORECASTPH_SUPPLEMENTARY_20260921_03,formal_company_evidence_verified_against_linked_supplementary
JFC,Jollibee Foods Corporation,Industrial,arima,naive,absolute_error,246,0.0,,,,false,false,zero or degenerate HAC long-run variance,4,1,0.9979654098963519,6,FORECASTPH_FORMAL_20260911_01,2026-09-11,8359270bffcd43dd41830a01bb2f4e2d4c527b56,FORECASTPH_SUPPLEMENTARY_20260921_03,formal_company_evidence_verified_against_linked_supplementary
JFC,Jollibee Foods Corporation,Industrial,lstm,naive,absolute_error,246,-0.009989724810184819,-0.7487411148279551,0.4547314664222725,1.0,false,true,,4,1,0.9979654098963519,6,FORECASTPH_FORMAL_20260911_01,2026-09-11,8359270bffcd43dd41830a01bb2f4e2d4c527b56,FORECASTPH_SUPPLEMENTARY_20260921_03,formal_company_evidence_verified_against_linked_supplementary
MBT,Metropolitan Bank & Trust Company,Financials,lag_reg,arima,squared_error,246,0.00688943072633938,0.4410615702979741,0.6595573862030406,1.0,false,true,,4,1,0.9979654098963519,6,FORECASTPH_FORMAL_20260911_01,2026-09-11,8359270bffcd43dd41830a01bb2f4e2d4c527b56,FORECASTPH_SUPPLEMENTARY_20260921_03,formal_company_evidence_verified_against_linked_supplementary
MBT,Metropolitan Bank & Trust Company,Financials,lag_reg,lstm,squared_error,246,-0.0009573991008171182,-0.04656425398760888,0.9628984549611111,1.0,false,true,,4,1,0.9979654098963519,6,FORECASTPH_FORMAL_20260911_01,2026-09-11,8359270bffcd43dd41830a01bb2f4e2d4c527b56,FORECASTPH_SUPPLEMENTARY_20260921_03,formal_company_evidence_verified_against_linked_supplementary
MBT,Metropolitan Bank & Trust Company,Financials,lag_reg,naive,squared_error,246,-0.037613165028423635,-2.865362183140071,0.004527041531605702,0.02716224918963421,true,true,,4,1,0.9979654098963519,6,FORECASTPH_FORMAL_20260911_01,2026-09-11,8359270bffcd43dd41830a01bb2f4e2d4c527b56,FORECASTPH_SUPPLEMENTARY_20260921_03,formal_company_evidence_verified_against_linked_supplementary
MBT,Metropolitan Bank & Trust Company,Financials,arima,lstm,squared_error,246,-0.007846829827156494,-0.614833930415375,0.5392350012357262,1.0,false,true,,4,1,0.9979654098963519,6,FORECASTPH_FORMAL_20260911_01,2026-09-11,8359270bffcd43dd41830a01bb2f4e2d4c527b56,FORECASTPH_SUPPLEMENTARY_20260921_03,formal_company_evidence_verified_against_linked_supplementary
MBT,Metropolitan Bank & Trust Company,Financials,arima,naive,squared_error,246,-0.04450259575476301,-2.0410511158349416,0.042317536761924714,0.21158768380962356,false,true,,4,1,0.9979654098963519,6,FORECASTPH_FORMAL_20260911_01,2026-09-11,8359270bffcd43dd41830a01bb2f4e2d4c527b56,FORECASTPH_SUPPLEMENTARY_20260921_03,formal_company_evidence_verified_against_linked_supplementary
MBT,Metropolitan Bank & Trust Company,Financials,lstm,naive,squared_error,246,-0.03665576592760652,-1.3498080431814603,0.17832337176677507,0.7132934870671003,false,true,,4,1,0.9979654098963519,6,FORECASTPH_FORMAL_20260911_01,2026-09-11,8359270bffcd43dd41830a01bb2f4e2d4c527b56,FORECASTPH_SUPPLEMENTARY_20260921_03,formal_company_evidence_verified_against_linked_supplementary
MBT,Metropolitan Bank & Trust Company,Financials,lag_reg,arima,absolute_error,246,-0.003189492472614719,-0.4900952409958955,0.6245050905208782,1.0,false,true,,4,1,0.9979654098963519,6,FORECASTPH_FORMAL_20260911_01,2026-09-11,8359270bffcd43dd41830a01bb2f4e2d4c527b56,FORECASTPH_SUPPLEMENTARY_20260921_03,formal_company_evidence_verified_against_linked_supplementary
MBT,Metropolitan Bank & Trust Company,Financials,lag_reg,lstm,absolute_error,246,-0.007344257720547961,-1.1065188585335837,0.26958728661182313,1.0,false,true,,4,1,0.9979654098963519,6,FORECASTPH_FORMAL_20260911_01,2026-09-11,8359270bffcd43dd41830a01bb2f4e2d4c527b56,FORECASTPH_SUPPLEMENTARY_20260921_03,formal_company_evidence_verified_against_linked_supplementary
MBT,Metropolitan Bank & Trust Company,Financials,lag_reg,naive,absolute_error,246,-0.014347402977747486,-2.635588890646849,0.008935132531935912,0.053610795191615476,false,true,,4,1,0.9979654098963519,6,FORECASTPH_FORMAL_20260911_01,2026-09-11,8359270bffcd43dd41830a01bb2f4e2d4c527b56,FORECASTPH_SUPPLEMENTARY_20260921_03,formal_company_evidence_verified_against_linked_supplementary
MBT,Metropolitan Bank & Trust Company,Financials,arima,lstm,absolute_error,246,-0.004154765247933241,-0.8925126818935879,0.37299397182603283,1.0,false,true,,4,1,0.9979654098963519,6,FORECASTPH_FORMAL_20260911_01,2026-09-11,8359270bffcd43dd41830a01bb2f4e2d4c527b56,FORECASTPH_SUPPLEMENTARY_20260921_03,formal_company_evidence_verified_against_linked_supplementary
MBT,Metropolitan Bank & Trust Company,Financials,arima,naive,absolute_error,246,-0.011157910505132766,-1.2850119840846805,0.20000159017600172,1.0,false,true,,4,1,0.9979654098963519,6,FORECASTPH_FORMAL_20260911_01,2026-09-11,8359270bffcd43dd41830a01bb2f4e2d4c527b56,FORECASTPH_SUPPLEMENTARY_20260921_03,formal_company_evidence_verified_against_linked_supplementary
MBT,Metropolitan Bank & Trust Company,Financials,lstm,naive,absolute_error,246,-0.007003145257199524,-0.7566517029754675,0.4499855457151518,1.0,false,true,,4,1,0.9979654098963519,6,FORECASTPH_FORMAL_20260911_01,2026-09-11,8359270bffcd43dd41830a01bb2f4e2d4c527b56,FORECASTPH_SUPPLEMENTARY_20260921_03,formal_company_evidence_verified_against_linked_supplementary
MEG,Megaworld Corporation,Property,lag_reg,arima,squared_error,246,-4.269055865651935e-07,-0.4782945602770756,0.6328670809550805,1.0,false,true,,4,1,0.9979654098963519,6,FORECASTPH_FORMAL_20260911_01,2026-09-11,8359270bffcd43dd41830a01bb2f4e2d4c527b56,FORECASTPH_SUPPLEMENTARY_20260921_03,formal_company_evidence_verified_against_linked_supplementary
MEG,Megaworld Corporation,Property,lag_reg,lstm,squared_error,246,-4.841087204309334e-06,-0.9373962351580629,0.3494779087733127,1.0,false,true,,4,1,0.9979654098963519,6,FORECASTPH_FORMAL_20260911_01,2026-09-11,8359270bffcd43dd41830a01bb2f4e2d4c527b56,FORECASTPH_SUPPLEMENTARY_20260921_03,formal_company_evidence_verified_against_linked_supplementary
MEG,Megaworld Corporation,Property,lag_reg,naive,squared_error,246,3.828504558108668e-06,0.8957215079334906,0.37128072123648204,1.0,false,true,,4,1,0.9979654098963519,6,FORECASTPH_FORMAL_20260911_01,2026-09-11,8359270bffcd43dd41830a01bb2f4e2d4c527b56,FORECASTPH_SUPPLEMENTARY_20260921_03,formal_company_evidence_verified_against_linked_supplementary
MEG,Megaworld Corporation,Property,arima,lstm,squared_error,246,-4.414181617744141e-06,-0.7446957427786425,0.4571693917161581,1.0,false,true,,4,1,0.9979654098963519,6,FORECASTPH_FORMAL_20260911_01,2026-09-11,8359270bffcd43dd41830a01bb2f4e2d4c527b56,FORECASTPH_SUPPLEMENTARY_20260921_03,formal_company_evidence_verified_against_linked_supplementary
MEG,Megaworld Corporation,Property,arima,naive,squared_error,246,4.2554101446738625e-06,0.8288351124380324,0.4080044522477752,1.0,false,true,,4,1,0.9979654098963519,6,FORECASTPH_FORMAL_20260911_01,2026-09-11,8359270bffcd43dd41830a01bb2f4e2d4c527b56,FORECASTPH_SUPPLEMENTARY_20260921_03,formal_company_evidence_verified_against_linked_supplementary
MEG,Megaworld Corporation,Property,lstm,naive,squared_error,246,8.669591762418004e-06,2.9413998304565006,0.003580297431991638,0.021481784591949826,true,true,,4,1,0.9979654098963519,6,FORECASTPH_FORMAL_20260911_01,2026-09-11,8359270bffcd43dd41830a01bb2f4e2d4c527b56,FORECASTPH_SUPPLEMENTARY_20260921_03,formal_company_evidence_verified_against_linked_supplementary
MEG,Megaworld Corporation,Property,lag_reg,arima,absolute_error,246,-6.957854997822072e-05,-4.18528392629999,3.972561894548633e-05,0.00011917685683645899,true,true,,4,1,0.9979654098963519,6,FORECASTPH_FORMAL_20260911_01,2026-09-11,8359270bffcd43dd41830a01bb2f4e2d4c527b56,FORECASTPH_SUPPLEMENTARY_20260921_03,formal_company_evidence_verified_against_linked_supplementary
MEG,Megaworld Corporation,Property,lag_reg,lstm,absolute_error,246,0.0002504453355024977,2.527384794960147,0.01212160467123847,0.01212160467123847,true,true,,4,1,0.9979654098963519,6,FORECASTPH_FORMAL_20260911_01,2026-09-11,8359270bffcd43dd41830a01bb2f4e2d4c527b56,FORECASTPH_SUPPLEMENTARY_20260921_03,formal_company_evidence_verified_against_linked_supplementary
MEG,Megaworld Corporation,Property,lag_reg,naive,absolute_error,246,0.0004179041790418325,4.719195459284347,3.983264925079561e-06,1.9916324625397805e-05,true,true,,4,1,0.9979654098963519,6,FORECASTPH_FORMAL_20260911_01,2026-09-11,8359270bffcd43dd41830a01bb2f4e2d4c527b56,FORECASTPH_SUPPLEMENTARY_20260921_03,formal_company_evidence_verified_against_linked_supplementary
MEG,Megaworld Corporation,Property,arima,lstm,absolute_error,246,0.0003200238854807185,2.805762982057132,0.005422898851299431,0.010845797702598862,true,true,,4,1,0.9979654098963519,6,FORECASTPH_FORMAL_20260911_01,2026-09-11,8359270bffcd43dd41830a01bb2f4e2d4c527b56,FORECASTPH_SUPPLEMENTARY_20260921_03,formal_company_evidence_verified_against_linked_supplementary
MEG,Megaworld Corporation,Property,arima,naive,absolute_error,246,0.0004874827290200532,4.67495246394776,4.858282334186538e-06,1.9916324625397805e-05,true,true,,4,1,0.9979654098963519,6,FORECASTPH_FORMAL_20260911_01,2026-09-11,8359270bffcd43dd41830a01bb2f4e2d4c527b56,FORECASTPH_SUPPLEMENTARY_20260921_03,formal_company_evidence_verified_against_linked_supplementary
MEG,Megaworld Corporation,Property,lstm,naive,absolute_error,246,0.00016745884353933479,5.1179012925783045,6.245674791105395e-07,3.747404874663237e-06,true,true,,4,1,0.9979654098963519,6,FORECASTPH_FORMAL_20260911_01,2026-09-11,8359270bffcd43dd41830a01bb2f4e2d4c527b56,FORECASTPH_SUPPLEMENTARY_20260921_03,formal_company_evidence_verified_against_linked_supplementary
MER,Manila Electric Company,Industrial,lag_reg,arima,squared_error,246,-5.590899043589706,-1.3664136030142153,0.1730619193444509,0.9174645753658838,false,true,,4,1,0.9979654098963519,6,FORECASTPH_FORMAL_20260911_01,2026-09-11,8359270bffcd43dd41830a01bb2f4e2d4c527b56,FORECASTPH_SUPPLEMENTARY_20260921_03,formal_company_evidence_verified_against_linked_supplementary
MER,Manila Electric Company,Industrial,lag_reg,lstm,squared_error,246,-9.168878895742719,-1.4337775007201117,0.15291076256098063,0.9174645753658838,false,true,,4,1,0.9979654098963519,6,FORECASTPH_FORMAL_20260911_01,2026-09-11,8359270bffcd43dd41830a01bb2f4e2d4c527b56,FORECASTPH_SUPPLEMENTARY_20260921_03,formal_company_evidence_verified_against_linked_supplementary
MER,Manila Electric Company,Industrial,lag_reg,naive,squared_error,246,-2.7888737444765934,-1.075295768703628,0.2833001247293804,0.9174645753658838,false,true,,4,1,0.9979654098963519,6,FORECASTPH_FORMAL_20260911_01,2026-09-11,8359270bffcd43dd41830a01bb2f4e2d4c527b56,FORECASTPH_SUPPLEMENTARY_20260921_03,formal_company_evidence_verified_against_linked_supplementary
MER,Manila Electric Company,Industrial,arima,lstm,squared_error,246,-3.5779798521530126,-1.349605498386114,0.17838827911040073,0.9174645753658838,false,true,,4,1,0.9979654098963519,6,FORECASTPH_FORMAL_20260911_01,2026-09-11,8359270bffcd43dd41830a01bb2f4e2d4c527b56,FORECASTPH_SUPPLEMENTARY_20260921_03,formal_company_evidence_verified_against_linked_supplementary
MER,Manila Electric Company,Industrial,arima,naive,squared_error,246,2.8020252991131116,0.43633233421808526,0.6629798778212059,0.9356634779010294,false,true,,4,1,0.9979654098963519,6,FORECASTPH_FORMAL_20260911_01,2026-09-11,8359270bffcd43dd41830a01bb2f4e2d4c527b56,FORECASTPH_SUPPLEMENTARY_20260921_03,formal_company_evidence_verified_against_linked_supplementary
MER,Manila Electric Company,Industrial,lstm,naive,squared_error,246,6.380005151266123,0.7271443986875659,0.4678317389505147,0.9356634779010294,false,true,,4,1,0.9979654098963519,6,FORECASTPH_FORMAL_20260911_01,2026-09-11,8359270bffcd43dd41830a01bb2f4e2d4c527b56,FORECASTPH_SUPPLEMENTARY_20260921_03,formal_company_evidence_verified_against_linked_supplementary
MER,Manila Electric Company,Industrial,lag_reg,arima,absolute_error,246,-0.1308062837985557,-1.0427587396112596,0.2980878785780373,1.0,false,true,,4,1,0.9979654098963519,6,FORECASTPH_FORMAL_20260911_01,2026-09-11,8359270bffcd43dd41830a01bb2f4e2d4c527b56,FORECASTPH_SUPPLEMENTARY_20260921_03,formal_company_evidence_verified_against_linked_supplementary
MER,Manila Electric Company,Industrial,lag_reg,lstm,absolute_error,246,-0.18075217967531776,-1.2412233126086496,0.21571036094135737,1.0,false,true,,4,1,0.9979654098963519,6,FORECASTPH_FORMAL_20260911_01,2026-09-11,8359270bffcd43dd41830a01bb2f4e2d4c527b56,FORECASTPH_SUPPLEMENTARY_20260921_03,formal_company_evidence_verified_against_linked_supplementary
MER,Manila Electric Company,Industrial,lag_reg,naive,absolute_error,246,-0.20989061664660288,-2.39738345640994,0.017262285221225065,0.10357371132735038,false,true,,4,1,0.9979654098963519,6,FORECASTPH_FORMAL_20260911_01,2026-09-11,8359270bffcd43dd41830a01bb2f4e2d4c527b56,FORECASTPH_SUPPLEMENTARY_20260921_03,formal_company_evidence_verified_against_linked_supplementary
MER,Manila Electric Company,Industrial,arima,lstm,absolute_error,246,-0.04994589587676208,-0.9314058994957358,0.35256052968621815,1.0,false,true,,4,1,0.9979654098963519,6,FORECASTPH_FORMAL_20260911_01,2026-09-11,8359270bffcd43dd41830a01bb2f4e2d4c527b56,FORECASTPH_SUPPLEMENTARY_20260921_03,formal_company_evidence_verified_against_linked_supplementary
MER,Manila Electric Company,Industrial,arima,naive,absolute_error,246,-0.07908433284804721,-0.43964405698842873,0.6605824755631166,1.0,false,true,,4,1,0.9979654098963519,6,FORECASTPH_FORMAL_20260911_01,2026-09-11,8359270bffcd43dd41830a01bb2f4e2d4c527b56,FORECASTPH_SUPPLEMENTARY_20260921_03,formal_company_evidence_verified_against_linked_supplementary
MER,Manila Electric Company,Industrial,lstm,naive,absolute_error,246,-0.029138436971285125,-0.14343757525041134,0.8860625128624017,1.0,false,true,,4,1,0.9979654098963519,6,FORECASTPH_FORMAL_20260911_01,2026-09-11,8359270bffcd43dd41830a01bb2f4e2d4c527b56,FORECASTPH_SUPPLEMENTARY_20260921_03,formal_company_evidence_verified_against_linked_supplementary
NIKL,Nickel Asia Corporation,Mining and Oil,lag_reg,arima,squared_error,246,-5.318543960346919e-06,-0.4463585840813513,0.6557324984917597,1.0,false,true,,4,1,0.9979654098963519,6,FORECASTPH_FORMAL_20260911_01,2026-09-11,8359270bffcd43dd41830a01bb2f4e2d4c527b56,FORECASTPH_SUPPLEMENTARY_20260921_03,formal_company_evidence_verified_against_linked_supplementary
NIKL,Nickel Asia Corporation,Mining and Oil,lag_reg,lstm,squared_error,246,-1.7934745232505895e-05,-0.5161586271898863,0.606209148884693,1.0,false,true,,4,1,0.9979654098963519,6,FORECASTPH_FORMAL_20260911_01,2026-09-11,8359270bffcd43dd41830a01bb2f4e2d4c527b56,FORECASTPH_SUPPLEMENTARY_20260921_03,formal_company_evidence_verified_against_linked_supplementary
NIKL,Nickel Asia Corporation,Mining and Oil,lag_reg,naive,squared_error,246,-5.318543960346919e-06,-0.4463585840813513,0.6557324984917597,1.0,false,true,,4,1,0.9979654098963519,6,FORECASTPH_FORMAL_20260911_01,2026-09-11,8359270bffcd43dd41830a01bb2f4e2d4c527b56,FORECASTPH_SUPPLEMENTARY_20260921_03,formal_company_evidence_verified_against_linked_supplementary
NIKL,Nickel Asia Corporation,Mining and Oil,arima,lstm,squared_error,246,-1.2616201272158976e-05,-0.5227297179449043,0.6016347306647502,1.0,false,true,,4,1,0.9979654098963519,6,FORECASTPH_FORMAL_20260911_01,2026-09-11,8359270bffcd43dd41830a01bb2f4e2d4c527b56,FORECASTPH_SUPPLEMENTARY_20260921_03,formal_company_evidence_verified_against_linked_supplementary
NIKL,Nickel Asia Corporation,Mining and Oil,arima,naive,squared_error,246,0.0,,,,false,false,zero or degenerate HAC long-run variance,4,1,0.9979654098963519,6,FORECASTPH_FORMAL_20260911_01,2026-09-11,8359270bffcd43dd41830a01bb2f4e2d4c527b56,FORECASTPH_SUPPLEMENTARY_20260921_03,formal_company_evidence_verified_against_linked_supplementary
NIKL,Nickel Asia Corporation,Mining and Oil,lstm,naive,squared_error,246,1.2616201272158976e-05,0.5227297179449043,0.6016347306647502,1.0,false,true,,4,1,0.9979654098963519,6,FORECASTPH_FORMAL_20260911_01,2026-09-11,8359270bffcd43dd41830a01bb2f4e2d4c527b56,FORECASTPH_SUPPLEMENTARY_20260921_03,formal_company_evidence_verified_against_linked_supplementary
NIKL,Nickel Asia Corporation,Mining and Oil,lag_reg,arima,absolute_error,246,1.0200102001018247e-05,0.3049411373877716,0.7606698732590658,1.0,false,true,,4,1,0.9979654098963519,6,FORECASTPH_FORMAL_20260911_01,2026-09-11,8359270bffcd43dd41830a01bb2f4e2d4c527b56,FORECASTPH_SUPPLEMENTARY_20260921_03,formal_company_evidence_verified_against_linked_supplementary
NIKL,Nickel Asia Corporation,Mining and Oil,lag_reg,lstm,absolute_error,246,-6.226324382984662e-05,-0.6238809572610557,0.5332862087741101,1.0,false,true,,4,1,0.9979654098963519,6,FORECASTPH_FORMAL_20260911_01,2026-09-11,8359270bffcd43dd41830a01bb2f4e2d4c527b56,FORECASTPH_SUPPLEMENTARY_20260921_03,formal_company_evidence_verified_against_linked_supplementary
NIKL,Nickel Asia Corporation,Mining and Oil,lag_reg,naive,absolute_error,246,1.0200102001018247e-05,0.3049411373877716,0.7606698732590658,1.0,false,true,,4,1,0.9979654098963519,6,FORECASTPH_FORMAL_20260911_01,2026-09-11,8359270bffcd43dd41830a01bb2f4e2d4c527b56,FORECASTPH_SUPPLEMENTARY_20260921_03,formal_company_evidence_verified_against_linked_supplementary
NIKL,Nickel Asia Corporation,Mining and Oil,arima,lstm,absolute_error,246,-7.246334583086488e-05,-0.9759901324253285,0.3300320335783376,1.0,false,true,,4,1,0.9979654098963519,6,FORECASTPH_FORMAL_20260911_01,2026-09-11,8359270bffcd43dd41830a01bb2f4e2d4c527b56,FORECASTPH_SUPPLEMENTARY_20260921_03,formal_company_evidence_verified_against_linked_supplementary
NIKL,Nickel Asia Corporation,Mining and Oil,arima,naive,absolute_error,246,0.0,,,,false,false,zero or degenerate HAC long-run variance,4,1,0.9979654098963519,6,FORECASTPH_FORMAL_20260911_01,2026-09-11,8359270bffcd43dd41830a01bb2f4e2d4c527b56,FORECASTPH_SUPPLEMENTARY_20260921_03,formal_company_evidence_verified_against_linked_supplementary
NIKL,Nickel Asia Corporation,Mining and Oil,lstm,naive,absolute_error,246,7.246334583086488e-05,0.9759901324253285,0.3300320335783376,1.0,false,true,,4,1,0.9979654098963519,6,FORECASTPH_FORMAL_20260911_01,2026-09-11,8359270bffcd43dd41830a01bb2f4e2d4c527b56,FORECASTPH_SUPPLEMENTARY_20260921_03,formal_company_evidence_verified_against_linked_supplementary
PGOLD,"Puregold Price Club, Inc.",Services,lag_reg,arima,squared_error,246,0.003411097879525568,0.4493932368957043,0.6535453024566615,1.0,false,true,,4,1,0.9979654098963519,6,FORECASTPH_FORMAL_20260911_01,2026-09-11,8359270bffcd43dd41830a01bb2f4e2d4c527b56,FORECASTPH_SUPPLEMENTARY_20260921_03,formal_company_evidence_verified_against_linked_supplementary
PGOLD,"Puregold Price Club, Inc.",Services,lag_reg,lstm,squared_error,246,0.001080231343014361,0.143492165342755,0.8860194479747098,1.0,false,true,,4,1,0.9979654098963519,6,FORECASTPH_FORMAL_20260911_01,2026-09-11,8359270bffcd43dd41830a01bb2f4e2d4c527b56,FORECASTPH_SUPPLEMENTARY_20260921_03,formal_company_evidence_verified_against_linked_supplementary
PGOLD,"Puregold Price Club, Inc.",Services,lag_reg,naive,squared_error,246,6.819623915796484e-05,0.2295987232802472,0.8185951639804965,1.0,false,true,,4,1,0.9979654098963519,6,FORECASTPH_FORMAL_20260911_01,2026-09-11,8359270bffcd43dd41830a01bb2f4e2d4c527b56,FORECASTPH_SUPPLEMENTARY_20260921_03,formal_company_evidence_verified_against_linked_supplementary
PGOLD,"Puregold Price Club, Inc.",Services,arima,lstm,squared_error,246,-0.0023308665365112083,-0.7630252001368669,0.44618242739026204,1.0,false,true,,4,1,0.9979654098963519,6,FORECASTPH_FORMAL_20260911_01,2026-09-11,8359270bffcd43dd41830a01bb2f4e2d4c527b56,FORECASTPH_SUPPLEMENTARY_20260921_03,formal_company_evidence_verified_against_linked_supplementary
PGOLD,"Puregold Price Club, Inc.",Services,arima,naive,squared_error,246,-0.003342901640367605,-0.4349590849832046,0.6639750134773375,1.0,false,true,,4,1,0.9979654098963519,6,FORECASTPH_FORMAL_20260911_01,2026-09-11,8359270bffcd43dd41830a01bb2f4e2d4c527b56,FORECASTPH_SUPPLEMENTARY_20260921_03,formal_company_evidence_verified_against_linked_supplementary
PGOLD,"Puregold Price Club, Inc.",Services,lstm,naive,squared_error,246,-0.0010120351038563936,-0.13210081910996438,0.895012970193018,1.0,false,true,,4,1,0.9979654098963519,6,FORECASTPH_FORMAL_20260911_01,2026-09-11,8359270bffcd43dd41830a01bb2f4e2d4c527b56,FORECASTPH_SUPPLEMENTARY_20260921_03,formal_company_evidence_verified_against_linked_supplementary
PGOLD,"Puregold Price Club, Inc.",Services,lag_reg,arima,absolute_error,246,0.001558551293970262,0.39604754742539183,0.6924146404024772,1.0,false,true,,4,1,0.9979654098963519,6,FORECASTPH_FORMAL_20260911_01,2026-09-11,8359270bffcd43dd41830a01bb2f4e2d4c527b56,FORECASTPH_SUPPLEMENTARY_20260921_03,formal_company_evidence_verified_against_linked_supplementary
PGOLD,"Puregold Price Club, Inc.",Services,lag_reg,lstm,absolute_error,246,0.0005884429350229329,0.15232299471724758,0.8790575543695077,1.0,false,true,,4,1,0.9979654098963519,6,FORECASTPH_FORMAL_20260911_01,2026-09-11,8359270bffcd43dd41830a01bb2f4e2d4c527b56,FORECASTPH_SUPPLEMENTARY_20260921_03,formal_company_evidence_verified_against_linked_supplementary
PGOLD,"Puregold Price Club, Inc.",Services,lag_reg,naive,absolute_error,246,0.00029520295202947944,1.566906931945705,0.11842709941738802,0.7105625965043281,false,true,,4,1,0.9979654098963519,6,FORECASTPH_FORMAL_20260911_01,2026-09-11,8359270bffcd43dd41830a01bb2f4e2d4c527b56,FORECASTPH_SUPPLEMENTARY_20260921_03,formal_company_evidence_verified_against_linked_supplementary
PGOLD,"Puregold Price Club, Inc.",Services,arima,lstm,absolute_error,246,-0.0009701083589473292,-0.4578780570483981,0.6474458725715667,1.0,false,true,,4,1,0.9979654098963519,6,FORECASTPH_FORMAL_20260911_01,2026-09-11,8359270bffcd43dd41830a01bb2f4e2d4c527b56,FORECASTPH_SUPPLEMENTARY_20260921_03,formal_company_evidence_verified_against_linked_supplementary
PGOLD,"Puregold Price Club, Inc.",Services,arima,naive,absolute_error,246,-0.0012633483419407826,-0.3175167948734277,0.7511219328085774,1.0,false,true,,4,1,0.9979654098963519,6,FORECASTPH_FORMAL_20260911_01,2026-09-11,8359270bffcd43dd41830a01bb2f4e2d4c527b56,FORECASTPH_SUPPLEMENTARY_20260921_03,formal_company_evidence_verified_against_linked_supplementary
PGOLD,"Puregold Price Club, Inc.",Services,lstm,naive,absolute_error,246,-0.0002932399829934534,-0.07467274366714313,0.9405360280776894,1.0,false,true,,4,1,0.9979654098963519,6,FORECASTPH_FORMAL_20260911_01,2026-09-11,8359270bffcd43dd41830a01bb2f4e2d4c527b56,FORECASTPH_SUPPLEMENTARY_20260921_03,formal_company_evidence_verified_against_linked_supplementary
SCC,Semirara Mining and Power Corporation,Mining and Oil,lag_reg,arima,squared_error,246,0.003948425660755407,0.6352491036713563,0.5258588069353811,1.0,false,true,,4,1,0.9979654098963519,6,FORECASTPH_FORMAL_20260911_01,2026-09-11,8359270bffcd43dd41830a01bb2f4e2d4c527b56,FORECASTPH_SUPPLEMENTARY_20260921_03,formal_company_evidence_verified_against_linked_supplementary
SCC,Semirara Mining and Power Corporation,Mining and Oil,lag_reg,lstm,squared_error,246,0.0019072236894383248,0.3486159498300525,0.7276770420999,1.0,false,true,,4,1,0.9979654098963519,6,FORECASTPH_FORMAL_20260911_01,2026-09-11,8359270bffcd43dd41830a01bb2f4e2d4c527b56,FORECASTPH_SUPPLEMENTARY_20260921_03,formal_company_evidence_verified_against_linked_supplementary
SCC,Semirara Mining and Power Corporation,Mining and Oil,lag_reg,naive,squared_error,246,0.003948425660755407,0.6352491036713563,0.5258588069353811,1.0,false,true,,4,1,0.9979654098963519,6,FORECASTPH_FORMAL_20260911_01,2026-09-11,8359270bffcd43dd41830a01bb2f4e2d4c527b56,FORECASTPH_SUPPLEMENTARY_20260921_03,formal_company_evidence_verified_against_linked_supplementary
SCC,Semirara Mining and Power Corporation,Mining and Oil,arima,lstm,squared_error,246,-0.002041201971317084,-1.398690142703793,0.16317050673961353,0.9790230404376812,false,true,,4,1,0.9979654098963519,6,FORECASTPH_FORMAL_20260911_01,2026-09-11,8359270bffcd43dd41830a01bb2f4e2d4c527b56,FORECASTPH_SUPPLEMENTARY_20260921_03,formal_company_evidence_verified_against_linked_supplementary
SCC,Semirara Mining and Power Corporation,Mining and Oil,arima,naive,squared_error,246,0.0,,,,false,false,zero or degenerate HAC long-run variance,4,1,0.9979654098963519,6,FORECASTPH_FORMAL_20260911_01,2026-09-11,8359270bffcd43dd41830a01bb2f4e2d4c527b56,FORECASTPH_SUPPLEMENTARY_20260921_03,formal_company_evidence_verified_against_linked_supplementary
SCC,Semirara Mining and Power Corporation,Mining and Oil,lstm,naive,squared_error,246,0.002041201971317084,1.398690142703793,0.16317050673961353,0.9790230404376812,false,true,,4,1,0.9979654098963519,6,FORECASTPH_FORMAL_20260911_01,2026-09-11,8359270bffcd43dd41830a01bb2f4e2d4c527b56,FORECASTPH_SUPPLEMENTARY_20260921_03,formal_company_evidence_verified_against_linked_supplementary
SCC,Semirara Mining and Power Corporation,Mining and Oil,lag_reg,arima,absolute_error,246,0.00546037953686633,1.3372395008048918,0.18238466222913324,0.729538648916533,false,true,,4,1,0.9979654098963519,6,FORECASTPH_FORMAL_20260911_01,2026-09-11,8359270bffcd43dd41830a01bb2f4e2d4c527b56,FORECASTPH_SUPPLEMENTARY_20260921_03,formal_company_evidence_verified_against_linked_supplementary
SCC,Semirara Mining and Power Corporation,Mining and Oil,lag_reg,lstm,absolute_error,246,0.0037081880321993043,0.9141287260294743,0.3615479540245999,0.729538648916533,false,true,,4,1,0.9979654098963519,6,FORECASTPH_FORMAL_20260911_01,2026-09-11,8359270bffcd43dd41830a01bb2f4e2d4c527b56,FORECASTPH_SUPPLEMENTARY_20260921_03,formal_company_evidence_verified_against_linked_supplementary
SCC,Semirara Mining and Power Corporation,Mining and Oil,lag_reg,naive,absolute_error,246,0.00546037953686633,1.3372395008048918,0.18238466222913324,0.729538648916533,false,true,,4,1,0.9979654098963519,6,FORECASTPH_FORMAL_20260911_01,2026-09-11,8359270bffcd43dd41830a01bb2f4e2d4c527b56,FORECASTPH_SUPPLEMENTARY_20260921_03,formal_company_evidence_verified_against_linked_supplementary
SCC,Semirara Mining and Power Corporation,Mining and Oil,arima,lstm,absolute_error,246,-0.0017521915046670251,-2.8377138698955244,0.00492437449017266,0.02954624694103596,true,true,,4,1,0.9979654098963519,6,FORECASTPH_FORMAL_20260911_01,2026-09-11,8359270bffcd43dd41830a01bb2f4e2d4c527b56,FORECASTPH_SUPPLEMENTARY_20260921_03,formal_company_evidence_verified_against_linked_supplementary
SCC,Semirara Mining and Power Corporation,Mining and Oil,arima,naive,absolute_error,246,0.0,,,,false,false,zero or degenerate HAC long-run variance,4,1,0.9979654098963519,6,FORECASTPH_FORMAL_20260911_01,2026-09-11,8359270bffcd43dd41830a01bb2f4e2d4c527b56,FORECASTPH_SUPPLEMENTARY_20260921_03,formal_company_evidence_verified_against_linked_supplementary
SCC,Semirara Mining and Power Corporation,Mining and Oil,lstm,naive,absolute_error,246,0.0017521915046670251,2.8377138698955244,0.00492437449017266,0.02954624694103596,true,true,,4,1,0.9979654098963519,6,FORECASTPH_FORMAL_20260911_01,2026-09-11,8359270bffcd43dd41830a01bb2f4e2d4c527b56,FORECASTPH_SUPPLEMENTARY_20260921_03,formal_company_evidence_verified_against_linked_supplementary
SECB,Security Bank Corporation,Financials,lag_reg,arima,squared_error,246,0.00031310374358374765,0.03626081318232373,0.971103922545155,1.0,false,true,,4,1,0.9979654098963519,6,FORECASTPH_FORMAL_20260911_01,2026-09-11,8359270bffcd43dd41830a01bb2f4e2d4c527b56,FORECASTPH_SUPPLEMENTARY_20260921_03,formal_company_evidence_verified_against_linked_supplementary
SECB,Security Bank Corporation,Financials,lag_reg,lstm,squared_error,246,-0.0024850678851724554,-0.14832872632087638,0.882205353422944,1.0,false,true,,4,1,0.9979654098963519,6,FORECASTPH_FORMAL_20260911_01,2026-09-11,8359270bffcd43dd41830a01bb2f4e2d4c527b56,FORECASTPH_SUPPLEMENTARY_20260921_03,formal_company_evidence_verified_against_linked_supplementary
SECB,Security Bank Corporation,Financials,lag_reg,naive,squared_error,246,0.00031310374358374765,0.03626081318232373,0.971103922545155,1.0,false,true,,4,1,0.9979654098963519,6,FORECASTPH_FORMAL_20260911_01,2026-09-11,8359270bffcd43dd41830a01bb2f4e2d4c527b56,FORECASTPH_SUPPLEMENTARY_20260921_03,formal_company_evidence_verified_against_linked_supplementary
SECB,Security Bank Corporation,Financials,arima,lstm,squared_error,246,-0.002798171628756201,-0.19320989420829593,0.8469546659934433,1.0,false,true,,4,1,0.9979654098963519,6,FORECASTPH_FORMAL_20260911_01,2026-09-11,8359270bffcd43dd41830a01bb2f4e2d4c527b56,FORECASTPH_SUPPLEMENTARY_20260921_03,formal_company_evidence_verified_against_linked_supplementary
SECB,Security Bank Corporation,Financials,arima,naive,squared_error,246,0.0,,,,false,false,zero or degenerate HAC long-run variance,4,1,0.9979654098963519,6,FORECASTPH_FORMAL_20260911_01,2026-09-11,8359270bffcd43dd41830a01bb2f4e2d4c527b56,FORECASTPH_SUPPLEMENTARY_20260921_03,formal_company_evidence_verified_against_linked_supplementary
SECB,Security Bank Corporation,Financials,lstm,naive,squared_error,246,0.002798171628756201,0.19320989420829593,0.8469546659934433,1.0,false,true,,4,1,0.9979654098963519,6,FORECASTPH_FORMAL_20260911_01,2026-09-11,8359270bffcd43dd41830a01bb2f4e2d4c527b56,FORECASTPH_SUPPLEMENTARY_20260921_03,formal_company_evidence_verified_against_linked_supplementary
SECB,Security Bank Corporation,Financials,lag_reg,arima,absolute_error,246,0.004868748687487342,1.080765865926664,0.28086397866368523,1.0,false,true,,4,1,0.9979654098963519,6,FORECASTPH_FORMAL_20260911_01,2026-09-11,8359270bffcd43dd41830a01bb2f4e2d4c527b56,FORECASTPH_SUPPLEMENTARY_20260921_03,formal_company_evidence_verified_against_linked_supplementary
SECB,Security Bank Corporation,Financials,lag_reg,lstm,absolute_error,246,-9.975844979173991e-05,-0.014012864621680485,0.9888311216539728,1.0,false,true,,4,1,0.9979654098963519,6,FORECASTPH_FORMAL_20260911_01,2026-09-11,8359270bffcd43dd41830a01bb2f4e2d4c527b56,FORECASTPH_SUPPLEMENTARY_20260921_03,formal_company_evidence_verified_against_linked_supplementary
SECB,Security Bank Corporation,Financials,lag_reg,naive,absolute_error,246,0.004868748687487342,1.080765865926664,0.28086397866368523,1.0,false,true,,4,1,0.9979654098963519,6,FORECASTPH_FORMAL_20260911_01,2026-09-11,8359270bffcd43dd41830a01bb2f4e2d4c527b56,FORECASTPH_SUPPLEMENTARY_20260921_03,formal_company_evidence_verified_against_linked_supplementary
SECB,Security Bank Corporation,Financials,arima,lstm,absolute_error,246,-0.004968507137279082,-0.7553287710411575,0.4507772603998286,1.0,false,true,,4,1,0.9979654098963519,6,FORECASTPH_FORMAL_20260911_01,2026-09-11,8359270bffcd43dd41830a01bb2f4e2d4c527b56,FORECASTPH_SUPPLEMENTARY_20260921_03,formal_company_evidence_verified_against_linked_supplementary
SECB,Security Bank Corporation,Financials,arima,naive,absolute_error,246,0.0,,,,false,false,zero or degenerate HAC long-run variance,4,1,0.9979654098963519,6,FORECASTPH_FORMAL_20260911_01,2026-09-11,8359270bffcd43dd41830a01bb2f4e2d4c527b56,FORECASTPH_SUPPLEMENTARY_20260921_03,formal_company_evidence_verified_against_linked_supplementary
SECB,Security Bank Corporation,Financials,lstm,naive,absolute_error,246,0.004968507137279082,0.7553287710411575,0.4507772603998286,1.0,false,true,,4,1,0.9979654098963519,6,FORECASTPH_FORMAL_20260911_01,2026-09-11,8359270bffcd43dd41830a01bb2f4e2d4c527b56,FORECASTPH_SUPPLEMENTARY_20260921_03,formal_company_evidence_verified_against_linked_supplementary
SHLPH,Shell Pilipinas Corporation,Industrial,lag_reg,arima,squared_error,246,0.0005799629324706548,0.771619240402899,0.44108356585798747,1.0,false,true,,4,1,0.9979654098963519,6,FORECASTPH_FORMAL_20260911_01,2026-09-11,8359270bffcd43dd41830a01bb2f4e2d4c527b56,FORECASTPH_SUPPLEMENTARY_20260921_03,formal_company_evidence_verified_against_linked_supplementary
SHLPH,Shell Pilipinas Corporation,Industrial,lag_reg,lstm,squared_error,246,-0.00016314632305546142,-0.09334462852773914,0.9257060661591084,1.0,false,true,,4,1,0.9979654098963519,6,FORECASTPH_FORMAL_20260911_01,2026-09-11,8359270bffcd43dd41830a01bb2f4e2d4c527b56,FORECASTPH_SUPPLEMENTARY_20260921_03,formal_company_evidence_verified_against_linked_supplementary
SHLPH,Shell Pilipinas Corporation,Industrial,lag_reg,naive,squared_error,246,0.0005799629324706548,0.771619240402899,0.44108356585798747,1.0,false,true,,4,1,0.9979654098963519,6,FORECASTPH_FORMAL_20260911_01,2026-09-11,8359270bffcd43dd41830a01bb2f4e2d4c527b56,FORECASTPH_SUPPLEMENTARY_20260921_03,formal_company_evidence_verified_against_linked_supplementary
SHLPH,Shell Pilipinas Corporation,Industrial,arima,lstm,squared_error,246,-0.0007431092555261167,-0.4615656759153934,0.6448023533258052,1.0,false,true,,4,1,0.9979654098963519,6,FORECASTPH_FORMAL_20260911_01,2026-09-11,8359270bffcd43dd41830a01bb2f4e2d4c527b56,FORECASTPH_SUPPLEMENTARY_20260921_03,formal_company_evidence_verified_against_linked_supplementary
SHLPH,Shell Pilipinas Corporation,Industrial,arima,naive,squared_error,246,0.0,,,,false,false,zero or degenerate HAC long-run variance,4,1,0.9979654098963519,6,FORECASTPH_FORMAL_20260911_01,2026-09-11,8359270bffcd43dd41830a01bb2f4e2d4c527b56,FORECASTPH_SUPPLEMENTARY_20260921_03,formal_company_evidence_verified_against_linked_supplementary
SHLPH,Shell Pilipinas Corporation,Industrial,lstm,naive,squared_error,246,0.0007431092555261167,0.4615656759153934,0.6448023533258052,1.0,false,true,,4,1,0.9979654098963519,6,FORECASTPH_FORMAL_20260911_01,2026-09-11,8359270bffcd43dd41830a01bb2f4e2d4c527b56,FORECASTPH_SUPPLEMENTARY_20260921_03,formal_company_evidence_verified_against_linked_supplementary
SHLPH,Shell Pilipinas Corporation,Industrial,lag_reg,arima,absolute_error,246,0.0021291212912129148,2.1021014294606726,0.03656542704191833,0.1462617081676733,false,true,,4,1,0.9979654098963519,6,FORECASTPH_FORMAL_20260911_01,2026-09-11,8359270bffcd43dd41830a01bb2f4e2d4c527b56,FORECASTPH_SUPPLEMENTARY_20260921_03,formal_company_evidence_verified_against_linked_supplementary
SHLPH,Shell Pilipinas Corporation,Industrial,lag_reg,lstm,absolute_error,246,-0.0029566464181704894,-1.9152458572876492,0.05662543793447228,0.1462617081676733,false,true,,4,1,0.9979654098963519,6,FORECASTPH_FORMAL_20260911_01,2026-09-11,8359270bffcd43dd41830a01bb2f4e2d4c527b56,FORECASTPH_SUPPLEMENTARY_20260921_03,formal_company_evidence_verified_against_linked_supplementary
SHLPH,Shell Pilipinas Corporation,Industrial,lag_reg,naive,absolute_error,246,0.0021291212912129148,2.1021014294606726,0.03656542704191833,0.1462617081676733,false,true,,4,1,0.9979654098963519,6,FORECASTPH_FORMAL_20260911_01,2026-09-11,8359270bffcd43dd41830a01bb2f4e2d4c527b56,FORECASTPH_SUPPLEMENTARY_20260921_03,formal_company_evidence_verified_against_linked_supplementary
SHLPH,Shell Pilipinas Corporation,Industrial,arima,lstm,absolute_error,246,-0.005085767709383404,-2.8551932104033586,0.004669651113394669,0.028017906680368014,true,true,,4,1,0.9979654098963519,6,FORECASTPH_FORMAL_20260911_01,2026-09-11,8359270bffcd43dd41830a01bb2f4e2d4c527b56,FORECASTPH_SUPPLEMENTARY_20260921_03,formal_company_evidence_verified_against_linked_supplementary
SHLPH,Shell Pilipinas Corporation,Industrial,arima,naive,absolute_error,246,0.0,,,,false,false,zero or degenerate HAC long-run variance,4,1,0.9979654098963519,6,FORECASTPH_FORMAL_20260911_01,2026-09-11,8359270bffcd43dd41830a01bb2f4e2d4c527b56,FORECASTPH_SUPPLEMENTARY_20260921_03,formal_company_evidence_verified_against_linked_supplementary
SHLPH,Shell Pilipinas Corporation,Industrial,lstm,naive,absolute_error,246,0.005085767709383404,2.8551932104033586,0.004669651113394669,0.028017906680368014,true,true,,4,1,0.9979654098963519,6,FORECASTPH_FORMAL_20260911_01,2026-09-11,8359270bffcd43dd41830a01bb2f4e2d4c527b56,FORECASTPH_SUPPLEMENTARY_20260921_03,formal_company_evidence_verified_against_linked_supplementary
SMPH,"SM Prime Holdings, Inc.",Property,lag_reg,arima,squared_error,246,0.00040572597303081083,0.13718902641195047,0.8909940572334646,1.0,false,true,,4,1,0.9979654098963519,6,FORECASTPH_FORMAL_20260911_01,2026-09-11,8359270bffcd43dd41830a01bb2f4e2d4c527b56,FORECASTPH_SUPPLEMENTARY_20260921_03,formal_company_evidence_verified_against_linked_supplementary
SMPH,"SM Prime Holdings, Inc.",Property,lag_reg,lstm,squared_error,246,0.0009465249908704116,0.2768052712925962,0.7821630206744693,1.0,false,true,,4,1,0.9979654098963519,6,FORECASTPH_FORMAL_20260911_01,2026-09-11,8359270bffcd43dd41830a01bb2f4e2d4c527b56,FORECASTPH_SUPPLEMENTARY_20260921_03,formal_company_evidence_verified_against_linked_supplementary
SMPH,"SM Prime Holdings, Inc.",Property,lag_reg,naive,squared_error,246,-0.005711199166074759,-1.2082915246740644,0.22810010394111221,0.9124004157644489,false,true,,4,1,0.9979654098963519,6,FORECASTPH_FORMAL_20260911_01,2026-09-11,8359270bffcd43dd41830a01bb2f4e2d4c527b56,FORECASTPH_SUPPLEMENTARY_20260921_03,formal_company_evidence_verified_against_linked_supplementary
SMPH,"SM Prime Holdings, Inc.",Property,arima,lstm,squared_error,246,0.000540799017839601,0.46824414955752913,0.6400262992388113,1.0,false,true,,4,1,0.9979654098963519,6,FORECASTPH_FORMAL_20260911_01,2026-09-11,8359270bffcd43dd41830a01bb2f4e2d4c527b56,FORECASTPH_SUPPLEMENTARY_20260921_03,formal_company_evidence_verified_against_linked_supplementary
SMPH,"SM Prime Holdings, Inc.",Property,arima,naive,squared_error,246,-0.00611692513910557,-1.693960029284041,0.09154370391862254,0.5492622235117353,false,true,,4,1,0.9979654098963519,6,FORECASTPH_FORMAL_20260911_01,2026-09-11,8359270bffcd43dd41830a01bb2f4e2d4c527b56,FORECASTPH_SUPPLEMENTARY_20260921_03,formal_company_evidence_verified_against_linked_supplementary
SMPH,"SM Prime Holdings, Inc.",Property,lstm,naive,squared_error,246,-0.006657724156945172,-1.6676526777607892,0.09666231680239758,0.5492622235117353,false,true,,4,1,0.9979654098963519,6,FORECASTPH_FORMAL_20260911_01,2026-09-11,8359270bffcd43dd41830a01bb2f4e2d4c527b56,FORECASTPH_SUPPLEMENTARY_20260921_03,formal_company_evidence_verified_against_linked_supplementary
SMPH,"SM Prime Holdings, Inc.",Property,lag_reg,arima,absolute_error,246,0.004930079603115075,1.0180734717778752,0.30964732321637395,0.8335792233819256,false,true,,4,1,0.9979654098963519,6,FORECASTPH_FORMAL_20260911_01,2026-09-11,8359270bffcd43dd41830a01bb2f4e2d4c527b56,FORECASTPH_SUPPLEMENTARY_20260921_03,formal_company_evidence_verified_against_linked_supplementary
SMPH,"SM Prime Holdings, Inc.",Property,lag_reg,lstm,absolute_error,246,0.006591889200553266,1.2613156194065147,0.2083948058454814,0.8335792233819256,false,true,,4,1,0.9979654098963519,6,FORECASTPH_FORMAL_20260911_01,2026-09-11,8359270bffcd43dd41830a01bb2f4e2d4c527b56,FORECASTPH_SUPPLEMENTARY_20260921_03,formal_company_evidence_verified_against_linked_supplementary
SMPH,"SM Prime Holdings, Inc.",Property,lag_reg,naive,absolute_error,246,-0.0004349750646057007,-0.06486881858845886,0.948331345111726,0.948331345111726,false,true,,4,1,0.9979654098963519,6,FORECASTPH_FORMAL_20260911_01,2026-09-11,8359270bffcd43dd41830a01bb2f4e2d4c527b56,FORECASTPH_SUPPLEMENTARY_20260921_03,formal_company_evidence_verified_against_linked_supplementary
SMPH,"SM Prime Holdings, Inc.",Property,arima,lstm,absolute_error,246,0.0016618095974381907,1.1914305405383296,0.23463750578493242,0.8335792233819256,false,true,,4,1,0.9979654098963519,6,FORECASTPH_FORMAL_20260911_01,2026-09-11,8359270bffcd43dd41830a01bb2f4e2d4c527b56,FORECASTPH_SUPPLEMENTARY_20260921_03,formal_company_evidence_verified_against_linked_supplementary
SMPH,"SM Prime Holdings, Inc.",Property,arima,naive,absolute_error,246,-0.0053650546677207755,-1.4840677264593556,0.13907631515288504,0.6953815757644253,false,true,,4,1,0.9979654098963519,6,FORECASTPH_FORMAL_20260911_01,2026-09-11,8359270bffcd43dd41830a01bb2f4e2d4c527b56,FORECASTPH_SUPPLEMENTARY_20260921_03,formal_company_evidence_verified_against_linked_supplementary
SMPH,"SM Prime Holdings, Inc.",Property,lstm,naive,absolute_error,246,-0.007026864265158967,-1.843796205212171,0.06642039794789222,0.39852238768735326,false,true,,4,1,0.9979654098963519,6,FORECASTPH_FORMAL_20260911_01,2026-09-11,8359270bffcd43dd41830a01bb2f4e2d4c527b56,FORECASTPH_SUPPLEMENTARY_20260921_03,formal_company_evidence_verified_against_linked_supplementary
